User-ID,Book-Rating,Book-Id
277427,9,9
277427,9,287
277427,10,205
277427,10,162
277427,9,64
277427,10,490
278026,9,1155
278026,8,231
278026,8,1238
278418,10,650
278418,8,36
278418,7,705
278582,7,301
278582,7,268
278582,10,52
278633,7,27
278633,7,346
278633,7,437
254,5,502
254,9,209
254,7,16
254,9,498
882,10,73
882,9,507
882,10,505
1424,9,516
1424,7,50
1424,7,72
1424,7,124
1424,8,511
1424,7,411
1424,8,54
1674,10,83
1674,10,166
1674,6,84
1733,7,20
1733,8,91
1733,8,25
1848,5,56
1848,10,96
1848,8,95
2030,10,526
2030,10,101
2030,10,100
2033,9,209
2033,7,527
2033,10,534
2033,8,535
2033,8,536
2033,10,141
2033,10,489
2033,10,126
2033,10,533
2033,10,531
2033,8,422
2033,9,530
2033,10,529
2033,10,532
2110,7,156
2110,8,34
2110,9,537
2276,10,376
2276,10,539
2276,8,540
2276,10,17
2276,10,531
2276,10,422
2313,9,117
2313,9,116
2313,7,114
2891,9,133
2891,8,83
2891,9,545
2891,8,116
2891,9,374
2891,8,132
2977,8,546
2977,5,53
2977,3,58
2977,9,16
3371,5,317
3371,10,142
3371,9,558
3640,8,147
3640,5,157
3640,5,104
3814,3,164
3814,7,163
3814,5,48
3917,7,172
3917,5,174
3917,7,59
3917,7,173
3917,8,171
3917,6,175
3917,8,176
4017,9,197
4017,9,45
4017,9,172
4017,9,561
4017,10,179
4017,8,644
4017,10,39
4017,9,484
4017,10,53
4017,9,102
4017,10,563
4017,10,180
4017,8,333
4017,9,116
4017,8,564
4017,10,195
4017,9,562
4017,9,560
4017,9,48
4385,10,571
4385,10,194
4385,10,569
4385,10,140
4385,10,567
4385,10,568
4385,10,339
5582,8,572
5582,8,324
5582,10,119
5582,7,300
5582,7,234
5582,9,100
5582,6,574
5582,10,87
5582,9,235
5582,5,438
5582,9,480
5582,9,211
5582,8,573
5582,10,236
5728,9,240
5728,10,239
5728,6,241
5903,8,437
5903,9,74
5903,8,123
6073,8,253
6073,8,58
6073,9,42
6073,9,252
6073,10,578
6073,10,4
6073,9,237
6238,9,258
6238,8,259
6238,9,172
6238,10,260
6238,10,217
6238,9,256
6238,8,257
6242,7,71
6242,5,435
6242,7,261
6242,5,579
6242,6,486
6242,8,218
6242,7,48
6242,6,176
6251,10,582
6251,7,588
6251,7,301
6251,7,589
6251,10,47
6251,10,36
6251,10,542
6251,10,76
6251,7,64
6251,9,590
6251,10,586
6251,10,132
6532,10,274
6532,4,275
6532,7,111
6543,10,277
6543,8,253
6543,8,301
6543,8,61
6543,10,47
6543,10,83
6543,9,596
6543,7,4
6543,10,491
6543,8,254
6543,9,48
6563,6,504
6563,8,156
6563,8,21
6563,9,278
6563,7,496
6563,8,192
6563,2,16
6563,10,279
6566,8,441
6566,8,281
6566,9,52
6575,7,21
6575,8,602
6575,4,288
6575,8,172
6575,7,601
6575,9,119
6575,9,301
6575,7,124
6575,8,612
6575,2,49
6575,7,333
6575,5,450
6575,7,379
6575,7,64
6575,7,319
6575,8,283
6575,9,282
6575,9,52
7125,8,50
7125,8,306
7125,7,170
7125,7,307
7125,10,223
7125,8,123
7125,10,279
7158,9,27
7158,8,593
7158,8,616
7283,8,315
7283,8,314
7283,10,227
7346,7,622
7346,8,119
7346,8,301
7346,6,33
7346,9,0
7346,8,326
7346,9,319
7915,10,301
7915,6,278
7915,5,294
8066,8,83
8066,4,74
8066,7,218
8067,10,34
8067,10,119
8067,10,301
8067,8,49
8067,7,279
8067,10,338
8187,8,119
8187,8,301
8187,8,268
8245,9,632
8245,9,418
8245,6,195
8245,8,92
8245,8,22
8245,9,374
8253,10,197
8253,10,50
8253,8,7
8253,8,61
8253,8,163
8253,10,6
8253,9,225
8253,10,16
8454,9,348
8454,8,7
8454,9,156
8454,7,27
8454,8,112
8454,10,228
8454,7,163
8454,6,124
8454,8,6
8454,8,349
8454,10,64
8454,9,17
8454,10,132
8681,8,644
8681,8,58
8681,7,506
8681,9,638
8681,7,545
8681,9,512
8681,7,641
8681,9,642
8681,7,640
8681,10,520
8681,10,105
8681,10,178
8681,8,645
8734,7,15
8734,7,544
8734,7,648
8801,8,3
8801,7,217
8801,10,267
8872,9,593
8872,7,326
8872,8,231
8872,9,358
9417,6,275
9417,8,31
9417,7,375
10314,6,27
10314,8,228
10314,6,82
10314,6,102
10314,7,6
10314,9,319
10314,8,48
10560,9,83
10560,8,574
10560,8,528
10560,7,184
10819,8,664
10819,9,542
10819,7,403
11245,7,376
11245,9,128
11245,8,269
11245,9,104
11601,6,315
11601,10,346
11601,10,650
11601,10,675
11601,10,48
11638,10,172
11638,9,260
11638,7,170
11638,8,420
11676,3,1095
11676,10,2042
11676,9,133
11676,9,85
11676,7,892
11676,10,1676
11676,9,516
11676,9,716
11676,4,45
11676,8,156
11676,7,1033
11676,9,322
11676,8,526
11676,9,149
11676,3,746
11676,7,886
11676,7,1173
11676,10,15
11676,3,625
11676,9,21
11676,5,1582
11676,8,27
11676,8,147
11676,1,1602
11676,10,161
11676,8,228
11676,9,172
11676,4,561
11676,8,2292
11676,8,898
11676,10,1606
11676,7,72
11676,9,546
11676,7,168
11676,8,622
11676,7,131
11676,7,165
11676,8,1025
11676,9,904
11676,7,119
11676,1,1566
11676,10,160
11676,7,1179
11676,8,475
11676,4,268
11676,1,14
11676,9,185
11676,3,1311
11676,5,626
11676,8,155
11676,9,789
11676,9,1360
11676,3,306
11676,8,317
11676,6,950
11676,7,734
11676,10,118
11676,10,2101
11676,10,309
11676,8,82
11676,9,9
11676,10,367
11676,10,250
11676,7,647
11676,7,69
11676,10,170
11676,5,47
11676,10,1746
11676,7,102
11676,10,122
11676,10,712
11676,9,83
11676,9,207
11676,8,71
11676,10,221
11676,8,124
11676,7,557
11676,10,823
11676,9,650
11676,10,36
11676,10,548
11676,10,142
11676,8,401
11676,7,444
11676,6,271
11676,10,627
11676,6,167
11676,8,213
11676,5,327
11676,8,216
11676,9,476
11676,10,128
11676,9,24
11676,8,1203
11676,6,1087
11676,10,209
11676,5,912
11676,9,844
11676,4,479
11676,8,81
11676,9,0
11676,5,287
11676,8,542
11676,8,1893
11676,4,205
11676,6,1310
11676,8,909
11676,10,210
11676,8,496
11676,10,460
11676,10,591
11676,10,559
11676,8,792
11676,9,162
11676,7,269
11676,7,296
11676,7,139
11676,6,1230
11676,7,261
11676,8,273
11676,8,326
11676,6,1674
11676,1,724
11676,8,263
11676,9,455
11676,9,31
11676,6,432
11676,8,544
11676,10,195
11676,7,748
11676,9,773
11676,8,86
11676,4,266
11676,8,13
11676,8,87
11676,7,76
11676,9,280
11676,6,42
11676,1,1124
11676,8,267
11676,6,242
11676,10,186
11676,9,166
11676,8,853
11676,8,99
11676,6,2061
11676,8,584
11676,5,1163
11676,8,2349
11676,6,157
11676,6,104
11676,8,722
11676,9,383
11676,8,143
11676,10,558
11676,6,362
11676,10,5
11676,4,668
11676,10,1242
11676,8,379
11676,5,223
11676,7,88
11676,5,64
11676,7,745
11676,9,837
11676,8,237
11676,10,795
11676,5,334
11676,4,941
11676,9,426
11676,8,579
11676,5,486
11676,9,845
11676,6,896
11676,8,106
11676,9,264
11676,9,75
11676,9,226
11676,10,1302
11676,8,1318
11676,9,1723
11676,8,54
11676,8,368
11676,9,774
11676,3,22
11676,7,917
11676,7,818
11676,9,2
11676,10,881
11676,8,218
11676,9,531
11676,8,1469
11676,8,1063
11676,7,339
11676,7,636
11676,10,48
11676,10,852
11676,8,369
11676,10,1266
11676,7,1006
11676,6,648
12100,8,434
12100,8,180
12100,7,432
12100,7,80
12100,9,681
12100,8,433
12538,7,33
12538,6,682
12538,10,248
12538,9,16
12538,8,143
12538,9,685
12538,8,595
13080,9,2113
13080,10,452
13080,9,105
13273,9,50
13273,9,109
13273,5,449
13273,8,104
13552,7,504
13552,9,288
13552,6,160
13552,8,275
13552,8,0
13552,9,559
13552,7,13
13552,6,704
13552,7,702
13552,5,570
13552,4,123
13552,8,701
13552,8,568
13850,9,3
13850,7,367
13850,9,707
13850,10,706
13995,9,3
13995,8,163
13995,9,102
13995,5,208
14336,7,481
14336,5,484
14336,8,480
14374,3,233
14374,9,42
14374,10,17
14387,8,714
14387,8,154
14387,8,102
14387,9,201
14387,9,52
14422,8,72
14422,9,73
14422,4,195
14422,9,717
14422,9,52
14456,8,3
14456,10,209
14456,8,618
14456,10,490
14456,10,491
14456,10,492
14456,10,489
14456,9,488
15408,9,733
15408,10,736
15408,10,728
15408,8,80
15408,9,54
15418,8,301
15418,8,268
15418,10,742
15418,7,741
15602,7,153
15602,8,154
15602,7,82
15602,7,449
15602,8,334
15945,5,47
15945,9,752
15945,6,751
16106,9,147
16106,10,579
16106,10,190
16106,10,52
16504,5,389
16504,7,767
16504,10,768
16504,8,585
16545,8,769
16545,7,542
16545,9,544
16634,9,117
16634,10,784
16634,10,385
16634,9,788
16634,8,154
16634,8,12
16634,8,785
16634,8,780
16634,10,779
16634,8,57
16634,9,357
16634,7,782
16795,4,50
16795,9,27
16795,8,119
16795,7,803
16795,6,301
16795,8,3
16795,8,243
16795,8,346
16795,9,124
16795,5,444
16795,9,167
16795,5,24
16795,8,361
16795,6,210
16795,6,418
16795,5,194
16795,7,559
16795,8,139
16795,7,291
16795,8,693
16795,5,799
16795,8,281
16795,6,235
16795,8,99
16795,6,400
16795,10,16
16795,9,800
16795,6,362
16795,7,92
16795,6,334
16795,8,279
16795,7,806
16795,7,808
16795,10,132
16795,8,802
16916,6,813
16916,10,86
16916,8,1029
17003,8,35
17003,9,557
17003,10,817
17003,10,818
17183,5,328
17183,6,3
17183,7,386
17950,9,3
17950,4,39
17950,5,195
17950,5,828
17950,5,829
17970,8,154
17970,7,243
17970,7,593
18082,7,427
18082,7,194
18082,9,593
18082,7,836
18095,8,27
18095,8,28
18095,7,199
19085,8,475
19085,9,314
19085,8,667
19085,9,213
19085,9,850
19573,10,193
19573,6,243
19573,9,132
20060,10,24
20060,10,73
20060,9,241
20172,9,156
20172,9,377
20172,9,112
20172,5,865
20172,7,864
20172,10,218
20172,7,151
20172,7,150
20180,8,50
20180,8,61
20180,8,243
20180,8,319
20180,10,48
20201,6,764
20201,10,364
20201,8,463
20201,8,490
20561,10,139
20561,10,871
20561,9,295
20971,2,314
20971,4,39
20971,8,871
21011,8,243
21011,10,449
21011,8,64
21014,8,193
21014,8,293
21014,7,154
21014,6,456
21014,8,449
21014,8,557
21014,7,167
21014,6,104
21014,8,883
21014,9,218
21014,7,1390
21484,6,288
21484,9,4
21484,6,334
21576,9,895
21576,7,39
21576,9,894
21576,8,115
21576,5,893
21576,8,808
21576,6,254
22074,9,50
22074,7,376
22074,7,406
22074,6,332
22074,9,127
22074,7,73
22074,6,583
22074,9,54
22074,9,52
22521,2,3
22521,8,29
22521,8,1517
22625,10,906
22625,9,50
22625,9,7
22625,10,3
22625,9,243
22625,10,39
22625,9,167
22625,10,209
22625,9,210
22625,8,195
22818,7,716
22818,10,625
22818,7,11
22818,8,364
23511,8,0
23511,8,162
23511,7,608
23768,8,197
23768,8,389
23768,8,346
23768,7,53
23768,8,83
23768,8,557
23768,8,923
23768,10,929
23768,9,924
23768,5,17
23872,9,395
23872,8,300
23872,8,932
23872,10,209
23872,7,49
23872,6,493
23872,7,267
23872,10,826
23872,10,825
23872,10,931
23872,10,930
23872,8,768
23902,8,572
23902,9,940
23902,10,45
23902,10,935
23902,8,7
23902,7,363
23902,7,293
23902,8,934
23902,6,389
23902,9,936
23902,7,938
23902,5,944
23902,9,942
23902,8,153
23902,7,300
23902,9,163
23902,8,207
23902,8,449
23902,9,735
23902,9,59
23902,10,451
23902,7,705
23902,6,248
23902,8,729
23902,6,937
23902,6,157
23902,10,578
23902,8,718
23902,8,933
23902,8,276
23902,10,334
23902,8,941
23902,6,741
23902,7,939
23902,10,943
24433,9,50
24433,8,193
24433,7,7
24433,8,647
25409,6,892
25409,10,147
25409,5,441
25409,9,268
25409,7,555
25409,9,287
25409,9,965
25409,9,123
25409,6,17
25601,8,977
25601,6,438
25601,10,779
25827,8,45
25827,10,611
25827,7,982
25827,8,261
25919,7,985
25919,10,984
25919,10,812
25981,5,746
25981,10,301
25981,10,268
25981,10,314
25981,5,36
25981,5,49
25981,5,989
26084,9,153
26084,10,992
26084,5,16
26084,10,993
26084,10,994
26620,7,119
26620,7,301
26620,7,268
26620,5,1013
26621,8,747
26621,9,228
26621,9,656
26621,5,535
26624,6,289
26624,7,334
26624,8,1015
27472,10,168
27472,7,154
27472,7,111
27472,10,542
27647,5,389
27647,10,619
27647,7,1025
27647,9,840
27647,8,52
28016,7,27
28016,10,1037
28016,10,1036
28016,8,319
28177,10,50
28177,5,7
28177,4,53
28177,8,557
28177,10,216
28177,9,240
28177,6,4
28177,6,411
28177,10,802
28591,7,892
28591,10,3
28591,8,123
29209,5,73
29209,7,263
29209,7,514
29855,6,243
29855,8,170
29855,6,102
29855,10,379
30052,7,119
30052,6,163
30052,4,313
30081,8,1114
30081,10,334
30081,8,123
30144,8,760
30144,6,1116
30144,6,1118
30273,8,555
30273,6,496
30273,8,319
30276,8,33
30276,7,1009
30276,8,91
30276,6,267
30276,6,334
30487,6,102
30487,9,449
30487,8,1029
30487,6,411
30487,8,17
30511,7,1128
30511,7,1017
30511,9,1126
30511,6,1125
30511,8,759
30511,7,1127
30511,7,1071
30511,9,718
30511,7,237
30511,6,1130
30511,7,245
30511,4,1131
30533,8,50
30533,7,355
30533,6,0
30533,9,38
30533,7,795
30533,8,54
30533,9,190
30711,7,209
30711,9,542
30711,6,86
30711,9,437
30711,7,528
30711,5,95
30735,10,429
30735,10,428
30735,10,1139
30735,10,1140
30735,10,1141
30735,10,1142
30735,10,430
30735,4,288
30735,10,119
30735,9,209
30735,8,16
30810,9,157
30810,7,104
30810,4,722
30972,5,194
30972,6,49
30972,9,195
30972,7,722
30972,8,241
30994,10,50
30994,9,544
30994,10,379
31008,7,1082
31008,6,79
31008,6,1146
31158,6,112
31158,8,154
31158,4,52
31315,9,27
31315,5,300
31315,9,555
31315,10,405
31315,9,107
31315,10,0
31315,7,265
31315,10,326
31315,9,123
31391,3,315
31391,10,1000
31391,4,723
31393,8,50
31393,7,122
31393,5,124
31393,8,195
31393,8,54
31551,9,50
31551,8,112
31551,7,1160
31556,5,3
31556,9,148
31556,7,299
31556,7,1163
31556,10,202
31826,10,33
31826,10,1152
31826,10,275
31826,10,401
31826,10,405
31826,10,30
31826,10,693
31826,10,99
31826,10,104
31826,10,722
31826,10,143
31826,7,5
31826,10,25
31826,10,685
31826,10,765
31826,10,1169
31826,10,595
31826,10,1168
31826,10,1167
31826,10,1170
31846,5,307
31846,8,333
31846,9,52
31860,9,112
31860,8,6
31860,6,435
31860,7,52
32440,7,277
32440,8,135
32440,7,587
32440,7,1111
32440,7,47
32440,9,207
32440,9,36
32440,6,49
32440,7,240
32440,9,64
32440,2,618
32440,7,54
32599,9,197
32599,8,693
32599,8,386
32599,8,5
32773,8,620
32773,9,289
32773,8,1186
32773,8,845
32773,6,452
33124,7,626
33124,8,24
33124,8,835
33179,7,125
33179,8,1070
33179,7,2
33818,8,291
33818,9,388
33818,8,16
33818,7,5
33974,8,119
33974,7,541
33974,8,903
34300,4,239
34300,3,424
34300,7,683
34300,3,1193
34600,8,441
34600,7,25
34600,8,75
35050,8,508
35050,7,1031
35050,6,206
35836,6,255
35836,7,275
35836,1,401
35836,4,496
35836,2,183
35836,3,1212
35857,8,62
35857,8,39
35857,5,346
35859,7,769
35859,10,2032
35859,8,680
35859,5,428
35859,8,301
35859,5,1311
35859,8,170
35859,9,167
35859,7,1203
35859,8,960
35859,8,30
35859,8,104
35859,8,2067
35859,7,1149
35859,6,887
35859,10,2
35859,7,218
35918,7,1222
35918,8,170
35918,7,221
36003,10,135
36003,10,288
36003,5,830
36003,10,3
36003,10,209
36003,7,52
36003,9,176
36135,9,501
36135,9,355
36135,8,795
36135,10,190
36326,4,628
36326,7,231
36326,5,116
36327,10,36
36327,9,1229
36327,8,1230
36606,8,210
36606,5,696
36606,5,267
36606,5,64
36606,10,319
36606,5,22
36606,5,1170
36609,8,47
36609,9,319
36609,9,1029
36609,7,1251
36693,9,45
36693,3,35
36693,7,167
36715,8,3
36715,9,1256
36715,8,1257
36907,10,7
36907,10,1134
36907,10,1263
36907,10,207
36907,10,605
36907,10,58
36907,10,1265
36907,10,16
36907,10,334
36907,10,486
36938,8,193
36938,10,1267
36938,10,221
36978,9,3
36978,10,291
36978,1,2
37208,8,301
37208,5,667
37208,7,1272
37208,8,209
37208,5,54
37293,8,888
37293,7,90
37293,4,5
37293,7,903
37293,8,78
37400,6,3
37400,9,1278
37400,5,1050
37512,8,290
37512,5,94
37512,5,1137
37538,9,3
37538,10,518
37538,8,384
37538,10,64
37538,9,718
37538,9,132
37538,8,1050
37538,10,176
37644,8,156
37644,5,415
37644,6,3
37644,10,542
37644,7,1293
37644,9,544
37712,10,193
37712,8,1069
37712,8,70
37712,8,61
37712,8,449
37712,7,124
37712,7,36
37712,10,464
37712,8,334
37712,9,374
37950,9,1306
37950,8,119
37950,7,268
37950,9,28
37950,9,274
37950,9,1308
37950,7,1311
37950,8,207
37950,10,240
37950,10,273
37950,10,388
37950,8,493
37950,10,505
37950,7,379
37950,8,94
37950,7,1137
37950,10,364
37950,6,919
37950,10,1209
37989,10,14
37989,9,163
37989,10,132
38023,10,371
38023,10,754
38023,7,33
38023,8,2344
38023,8,864
38023,10,5
38023,6,343
38023,8,64
38023,10,1318
38023,10,48
38273,7,301
38273,10,425
38273,5,337
38273,7,24
38273,5,162
38273,10,141
38273,10,490
38273,10,491
38273,10,492
38273,10,489
38281,8,85
38281,9,9
38281,8,209
38281,8,1326
38281,8,1051
38281,8,861
38281,8,535
38281,8,536
38281,8,63
39281,9,632
39281,9,210
39281,5,486
39281,10,1343
39396,10,432
39396,4,1112
39396,10,1356
39467,9,733
39467,10,335
39467,10,35
39467,9,1360
39467,7,163
39467,10,578
39467,9,560
39616,9,209
39616,7,4
39616,8,1368
39646,7,337
39646,4,173
39646,8,48
40415,10,348
40415,7,665
40415,8,166
40889,6,401
40889,10,49
40889,10,13
40889,8,99
40889,10,834
41084,7,1395
41084,8,301
41084,8,275
41084,8,401
41084,8,1396
41449,10,1402
41449,9,1403
41449,7,264
41455,5,205
41455,4,1
41455,6,528
41455,4,184
41589,8,376
41589,6,327
41589,6,862
41781,9,475
41781,2,813
41781,9,1203
41781,7,162
41781,10,1406
41781,6,52
41781,10,1407
41841,7,27
41841,6,39
41841,8,792
41841,7,1253
43246,9,193
43246,10,502
43246,9,153
43246,10,165
43246,10,119
43246,5,301
43246,8,243
43246,9,39
43246,9,49
43246,6,162
43359,8,112
43359,10,1442
43359,9,126
43436,10,478
43436,9,1271
43436,10,1444
43481,9,27
43481,5,346
43481,5,53
43481,9,102
43619,9,50
43619,8,107
43619,10,143
43687,7,1446
43687,5,69
43687,8,42
43687,7,846
43687,6,52
43842,5,288
43842,10,301
43842,10,49
43842,10,267
43842,10,683
43910,10,1173
43910,8,35
43910,9,230
43910,9,167
43910,8,333
43910,9,334
43910,10,245
43910,6,436
43910,8,48
44252,9,65
44252,6,119
44252,9,240
44252,10,618
44252,9,276
44252,10,480
44252,10,941
44852,5,50
44852,7,346
44852,9,83
44852,6,124
44893,7,1156
44893,8,27
44893,8,601
44893,7,69
44893,7,1456
44893,8,368
44893,6,697
45416,7,154
45416,7,143
45416,7,744
46258,8,381
46258,7,151
46258,7,150
46398,7,27
46398,10,185
46398,10,471
46398,9,1295
46398,9,43
46398,6,346
46398,9,47
46398,9,180
46398,8,210
46398,8,1476
46398,9,169
46398,7,267
46398,4,519
46398,5,1474
46892,5,127
46892,7,370
46892,5,1481
46892,5,421
46909,9,622
46909,8,24
46909,9,903
47293,9,395
47293,7,1488
47293,9,1487
47293,4,221
47316,8,268
47316,10,199
47316,9,836
47316,9,1
47316,10,52
47609,9,1324
47609,10,1420
47609,10,396
47758,7,39
47758,9,449
47758,10,225
47974,10,589
47974,9,1496
47974,10,868
48025,8,322
48025,8,314
48025,6,401
48025,7,139
48025,9,326
48025,8,281
48025,9,485
48494,10,28
48494,5,1509
48494,7,127
48494,5,49
48494,10,1018
48494,10,1201
48494,10,13
48494,5,1089
48494,10,52
48970,7,14
48970,3,154
48970,5,883
49212,6,1521
49212,7,1520
49212,8,52
49212,8,48
49422,7,156
49422,7,35
49422,8,896
49422,6,786
49422,6,954
49460,9,156
49460,10,112
49460,9,17
49460,9,132
49460,8,52
50098,5,102
50098,7,592
50098,7,1372
50225,8,165
50225,8,35
50225,8,294
50225,7,64
51350,10,119
51350,6,441
51350,5,591
51526,3,35
51526,6,367
51526,6,453
51526,6,562
51742,8,193
51742,7,1551
51742,5,61
51742,7,1550
51742,8,484
51742,8,163
51742,8,217
52011,5,979
52011,9,365
52011,8,364
52044,10,761
52044,10,1560
52044,9,205
52199,8,1563
52199,9,1562
52199,8,200
52350,9,172
52350,9,28
52350,9,148
52350,7,43
52350,5,209
52350,10,42
52350,10,492
52350,10,489
52584,10,147
52584,6,1217
52584,7,789
52584,9,170
52584,7,49
52614,10,1570
52614,10,704
52614,10,702
52917,8,147
52917,5,47
52917,7,450
52917,5,741
52917,7,1093
53174,9,28
53174,10,593
53174,10,1149
53220,8,441
53220,7,327
53220,8,476
53220,7,862
53220,8,468
53220,8,496
53220,8,435
53220,6,333
53220,8,455
53220,7,1579
53220,7,1578
53220,7,1577
53220,10,379
53256,10,44
53256,10,81
53256,10,542
53256,7,508
53392,9,61
53392,8,869
53392,10,333
53392,10,388
53590,10,50
53590,8,243
53590,9,163
53590,7,1581
53590,7,494
54622,7,337
54622,9,1196
54622,7,1586
54898,10,28
54898,10,148
54898,10,304
54898,10,74
55187,8,1590
55187,8,526
55187,9,210
55187,9,1329
55187,9,881
55187,9,1073
55490,9,197
55490,7,1596
55490,8,401
55490,8,405
55490,10,388
55490,6,771
55490,10,76
55490,10,1347
55490,8,508
55490,10,183
55490,8,1281
55490,10,1595
55490,10,536
55490,10,491
55490,10,151
55490,10,150
55490,10,674
55490,10,1594
55490,9,1598
55492,8,1601
55492,6,153
55492,10,209
55751,5,346
55751,8,195
55751,5,218
55799,7,288
55799,7,301
55799,7,16
55927,9,42
55927,9,319
55927,9,106
56307,8,441
56307,8,255
56307,8,86
56307,7,25
56307,9,188
56399,10,891
56399,10,1547
56399,10,634
56399,10,1371
56399,8,1446
56399,7,1419
56399,10,1215
56399,10,1308
56399,6,8
56399,6,207
56399,10,1340
56399,10,705
56399,10,1612
56399,10,633
56399,10,915
56399,10,251
56399,8,843
56399,10,729
56399,10,1503
56399,10,1608
56399,10,683
56399,10,480
56399,10,509
56399,10,1609
56399,10,1611
56399,10,1594
56399,10,1610
56447,9,62
56447,8,1166
56447,6,147
56447,8,122
56447,8,635
56447,6,202
56447,9,596
56447,7,604
56447,8,105
56447,8,786
56447,6,756
56554,10,328
56554,9,306
56554,9,49
56554,7,16
56554,10,436
56856,10,1620
56856,9,3
56856,7,455
56856,7,5
56856,9,1067
56959,10,1480
56959,10,699
56959,10,161
56959,10,1776
56959,10,647
56959,9,36
56959,10,479
56959,8,1623
56959,10,542
56959,10,584
56959,10,1213
56959,10,114
56959,8,491
56959,10,254
57105,9,28
57105,10,167
57105,10,319
57398,10,148
57398,8,317
57398,9,122
57398,8,265
57398,7,450
57725,10,449
57725,9,464
57725,8,57
58594,9,47
58594,5,1320
58594,8,399
58594,10,1627
59172,6,21
59172,7,789
59172,8,30
59172,8,388
59172,9,493
59172,10,336
59172,9,807
59172,10,223
59172,5,718
59172,8,945
59499,7,27
59499,7,6
59499,8,17
59499,8,1050
59499,7,513
59524,4,1550
59524,4,102
59524,6,466
59524,1,514
59554,7,326
59554,8,977
59554,7,16
59727,8,1187
59727,10,291
59727,8,273
59727,9,87
60244,9,1095
60244,9,120
60244,8,389
60244,8,288
60244,9,147
60244,7,546
60244,8,168
60244,9,622
60244,9,119
60244,8,154
60244,7,3
60244,10,148
60244,9,2353
60244,9,1600
60244,10,221
60244,8,124
60244,7,557
60244,10,36
60244,9,2176
60244,9,1229
60244,7,418
60244,8,261
60244,7,1845
60244,10,957
60244,9,64
60244,9,121
60244,10,1414
60244,9,54
60244,8,279
60244,5,2
60244,10,374
60244,9,52
60263,10,746
60263,10,143
60263,10,295
60337,8,928
60337,8,1487
60337,9,45
60337,10,1649
60337,9,544
60337,9,1060
60337,7,1648
60707,7,1653
60707,6,441
60707,7,185
60707,7,507
60707,8,1652
60707,7,713
61427,8,1107
61427,6,102
61427,7,413
61427,8,124
61427,8,167
61704,10,260
61704,7,250
61704,9,107
61704,5,210
61854,6,3
61854,10,53
61854,6,460
61854,10,704
61854,4,538
61854,10,702
61854,6,570
61854,6,569
61854,6,703
61854,1,819
61854,9,143
61854,10,1660
61910,10,111
61910,10,99
61910,10,485
61910,9,289
62172,6,3
62172,9,186
62172,7,800
62172,3,171
62464,10,3
62464,6,237
62464,10,178
62862,10,50
62862,10,168
62862,8,39
62862,7,6
62862,9,48
62891,8,293
62891,7,693
62891,10,578
62891,6,618
62895,10,619
62895,7,254
62895,2,1006
63004,7,193
63004,8,124
63004,10,1670
63394,9,1190
63394,10,267
63394,10,289
63854,6,119
63854,7,1042
63854,7,16
63956,9,247
63956,9,12
63956,9,207
63956,8,210
63956,6,31
63956,9,929
63956,10,141
63956,10,491
63956,10,1689
64111,9,3
64111,7,233
64111,7,992
64270,7,61
64270,7,437
64270,5,188
65032,5,120
65032,8,1079
65032,5,1256
65032,5,1464
65032,5,1763
65258,7,27
65258,9,154
65258,5,471
65258,8,215
65258,7,170
65370,8,1421
65370,6,1422
65370,6,485
65370,8,75
65484,10,20
65484,9,24
65484,10,909
65584,9,314
65584,8,306
65584,10,170
65584,8,111
65584,10,591
65584,7,30
65584,8,358
65584,8,1238
65584,9,99
65584,8,485
65584,9,701
66574,6,324
66574,9,35
66574,9,127
66574,10,578
66574,6,132
66574,6,175
66680,6,124
66680,7,24
66680,5,544
66942,6,256
66942,6,102
66942,8,16
66942,10,524
66942,10,1536
67198,10,28
67198,10,148
67198,10,44
67198,8,620
67198,10,1411
67547,9,147
67547,4,1786
67547,10,109
67547,4,61
67547,9,456
67547,8,1568
67547,10,759
67547,8,579
67547,7,178
67591,10,50
67591,8,324
67591,8,16
67591,8,64
67591,7,583
67627,7,327
67627,9,862
67627,10,2
67663,6,449
67663,7,17
67663,8,105
67840,10,62
67840,8,827
67840,10,355
67840,10,162
67840,10,231
67840,9,724
67840,10,683
67840,9,226
67840,10,491
67840,10,52
67840,10,636
68128,8,197
68128,5,3
68128,7,457
68185,8,477
68185,8,1140
68185,8,1789
68185,5,154
68185,4,399
68185,7,63
68436,9,197
68436,8,28
68436,8,148
68436,8,1360
68436,7,1071
68555,8,332
68555,10,340
68555,8,213
68555,5,199
68555,9,1581
68555,10,519
68555,9,54
68760,9,1261
68760,10,209
68760,9,74
68760,10,141
69078,9,197
69078,9,1074
69078,9,258
69078,8,1849
69078,8,1830
69078,8,1848
69078,9,449
69078,9,1854
69078,9,812
69078,9,115
69078,9,578
69078,8,1853
69078,9,1321
69078,8,618
69078,10,1850
69078,7,433
69156,5,45
69156,9,622
69156,8,1774
69211,8,900
69211,10,127
69211,10,128
69211,10,111
69355,9,789
69355,5,180
69355,8,218
69378,4,317
69378,5,102
69378,4,564
69378,6,264
69389,9,119
69389,8,209
69389,7,30
69389,8,273
69460,9,7
69460,9,522
69460,6,131
69684,7,840
69684,7,294
69684,9,478
69684,7,225
69684,7,931
69697,9,822
69697,10,87
69697,10,1238
69697,9,223
69697,9,448
69697,9,339
69697,9,805
69697,9,636
69721,9,85
69721,10,148
69721,9,47
69971,7,35
69971,8,840
69971,8,1530
69971,10,861
69971,7,1062
70014,7,301
70014,9,205
70014,5,724
70183,5,233
70183,9,1596
70183,8,734
70183,9,868
70415,8,1090
70415,10,12
70415,10,660
70415,9,279
70541,8,197
70541,8,679
70541,7,690
70541,8,1273
70541,8,1014
70541,8,252
70541,8,175
70541,9,2047
70594,9,147
70594,10,371
70594,10,47
70594,9,254
70594,9,52
70594,9,414
70666,5,607
70666,9,3
70666,5,628
70666,5,327
70666,7,0
70666,9,162
70666,5,143
70931,7,314
70931,10,650
70931,7,1396
71752,9,288
71752,7,484
71752,8,143
71752,7,5
72975,7,1087
72975,7,0
72975,9,267
73044,9,50
73044,7,39
73044,8,170
73044,7,557
73044,8,42
73651,8,1952
73651,7,127
73651,5,13
73681,9,856
73681,9,101
73681,8,1904
73681,9,131
73681,6,413
73681,10,209
73681,7,240
73681,9,143
73681,7,826
73681,8,941
73681,8,1903
73837,10,506
73837,10,759
73837,6,107
74026,6,746
74026,7,471
74026,8,95
74026,8,861
74026,8,63
74056,7,441
74056,7,207
74056,8,1093
74185,9,170
74185,7,207
74185,10,705
74286,6,27
74286,7,3
74286,8,39
74286,6,346
74286,9,167
74286,6,544
74286,8,195
74286,9,267
74286,6,1266
74453,5,1468
74453,7,825
74453,7,74
74453,9,1907
74691,5,481
74691,9,1495
74691,7,449
74691,8,242
74758,10,26
74758,10,297
74758,8,339
75149,8,197
75149,7,50
75149,10,293
75149,6,153
75149,5,883
75149,6,254
75149,7,132
75149,6,52
75591,8,311
75591,9,45
75591,10,1141
75591,10,1173
75591,8,82
75591,7,36
75591,10,167
75591,10,209
75591,9,1164
75591,5,1221
75591,9,924
75591,7,585
75819,2,3
75819,7,209
75819,7,0
75819,5,1565
75819,9,75
75819,7,54
76019,9,657
76019,8,604
76019,8,1158
76019,8,254
76151,10,622
76151,10,301
76151,10,636
76168,7,122
76168,9,542
76168,8,334
76173,7,271
76173,8,128
76173,5,24
76173,7,468
76173,7,326
76218,3,327
76218,5,476
76218,3,143
76223,9,619
76223,7,209
76223,8,31
76223,8,1411
76223,8,95
76223,8,94
76223,7,1137
76223,7,396
76499,8,926
76499,10,515
76499,10,482
76499,10,1499
76499,10,699
76499,10,149
76499,10,1659
76499,10,1398
76499,10,2064
76499,10,2117
76499,10,407
76499,1,1233
76499,5,146
76499,5,153
76499,5,610
76499,5,561
76499,5,487
76499,10,2333
76499,10,1684
76499,10,2050
76499,10,1220
76499,9,1384
76499,10,738
76499,10,478
76499,10,2116
76499,5,36
76499,10,1702
76499,10,205
76499,10,660
76499,5,541
76499,10,1300
76499,10,2121
76499,10,2114
76499,10,103
76499,10,581
76499,10,1579
76499,10,1577
76499,10,1607
76499,5,16
76499,10,88
76499,10,2115
76499,10,642
76499,10,1923
76499,10,2118
76499,10,1943
76499,8,2119
76499,1,212
76499,10,98
76499,10,2122
76499,10,1234
76499,10,236
76499,10,1900
76499,1,369
76499,10,1583
76626,10,2129
76626,10,2134
76626,10,619
76626,10,1545
76626,9,112
76626,8,842
76626,9,1151
76626,8,163
76626,10,647
76626,9,1472
76626,10,542
76626,8,192
76626,8,208
76626,9,1123
76626,9,718
76803,8,1921
76803,8,496
76803,6,562
76812,9,193
76812,8,42
76812,7,57
76812,8,54
76815,7,1057
76815,8,300
76815,9,1187
76815,9,2136
76815,10,2137
76818,8,268
76818,10,14
76818,8,1154
76888,7,197
76888,9,388
76888,10,239
76888,7,143
76942,6,216
76942,6,73
76942,7,92
77181,7,330
77181,10,1069
77181,5,116
77383,9,1958
77383,9,33
77383,9,126
77480,7,332
77480,8,744
77480,8,1005
77724,7,12
77724,8,93
77724,8,457
77724,8,54
77724,6,1050
77809,8,50
77809,5,61
77809,5,16
77809,6,151
77868,9,47
77868,5,219
77868,8,1050
78448,8,73
78448,8,116
78448,8,42
78448,8,241
78553,9,340
78553,10,209
78553,8,630
78783,5,156
78783,8,70
78783,9,14
78783,8,39
78783,8,170
78783,9,124
78783,8,283
78783,9,17
78783,8,48
78834,10,15
78834,5,385
78834,10,3
78834,10,589
78834,10,289
78834,10,141
78841,7,6
78841,3,116
78841,5,544
78973,7,1812
78973,7,1811
78973,7,1810
78973,8,413
78973,7,740
78973,7,0
78973,7,575
78973,8,208
78973,8,42
78973,7,99
78973,6,1
78973,8,104
78973,7,722
78973,8,558
78973,8,386
78973,7,745
78973,8,741
78973,8,914
78973,10,1184
78973,10,490
78973,10,492
78973,10,489
79285,10,43
79285,4,1341
79285,8,2156
79740,7,0
79740,5,18
79740,5,86
79740,7,99
79740,7,16
79740,5,668
80071,7,197
80071,7,1196
80071,6,578
80071,9,596
80516,7,892
80516,7,124
80516,5,22
80538,9,856
80538,9,165
80538,9,876
80538,9,442
80538,8,1150
80538,8,334
80538,10,509
80555,6,1952
80555,10,151
80555,8,533
80555,8,422
80555,8,532
81088,7,6
81088,7,480
81088,9,132
81121,10,3
81121,8,334
81121,9,818
81121,7,440
81207,9,197
81207,8,402
81207,7,637
81207,7,578
81207,8,875
81249,6,328
81249,10,172
81249,9,176
81263,10,50
81263,10,83
81263,9,1403
81368,8,255
81368,7,851
81368,9,132
81434,8,3
81434,10,5
81434,10,524
81492,9,456
81492,9,1816
81492,5,22
81560,6,462
81560,9,840
81560,8,28
81560,7,29
81560,8,461
81560,7,252
81560,6,764
81560,7,1505
81560,8,95
81560,7,94
81560,6,1137
81560,6,364
81560,5,396
81560,6,674
81597,7,460
81597,7,591
81597,7,265
81597,7,538
81597,7,570
81597,8,722
81682,7,441
81682,5,346
81682,9,436
81848,8,213
81848,8,128
81848,3,496
81848,7,575
81848,5,436
81977,10,7
81977,10,116
81977,9,1834
81977,10,357
82407,10,407
82407,6,1298
82407,7,163
82407,9,102
82407,8,190
83287,10,83
83287,10,99
83287,7,1320
83431,8,2016
83431,10,652
83431,10,700
83431,10,618
83431,8,276
83431,8,1592
83637,8,967
83637,8,1196
83637,7,1420
83637,9,209
83637,7,210
83637,6,1042
83671,8,44
83671,5,320
83671,10,1965
83671,10,116
83671,8,1270
83671,10,780
83971,7,7
83971,8,154
83971,10,3
84178,10,193
84178,6,1176
84178,7,57
84820,6,927
84820,6,169
84820,7,728
84882,8,213
84882,5,104
84882,8,1257
85033,10,85
85033,8,688
85033,8,75
85367,10,44
85367,10,209
85367,10,1071
85367,10,2033
85426,8,112
85426,7,541
85426,10,364
85426,9,105
85426,10,867
85426,7,2188
85426,8,758
85426,8,1408
85526,7,197
85526,8,50
85526,10,502
85526,8,1166
85526,8,2081
85526,8,124
85526,8,1216
85587,8,626
85587,8,1385
85587,9,378
85757,9,82
85757,8,69
85757,7,449
85757,9,4
85757,5,22
85993,7,111
85993,10,209
85993,10,683
86189,8,45
86189,8,228
86189,10,644
86189,8,745
86189,6,319
86189,5,412
86202,7,156
86202,8,746
86202,3,41
86202,7,52
86242,3,20
86242,8,455
86242,10,1761
86243,7,1134
86243,5,301
86243,10,252
86392,9,388
86392,8,1469
86392,6,1041
86720,8,287
86720,8,192
86720,7,1685
87051,10,27
87051,10,102
87051,8,5
87141,7,1576
87141,9,213
87141,8,476
87141,8,128
87141,8,862
87141,8,614
87141,8,224
87141,7,273
87141,7,693
87141,9,1038
87141,8,1537
87555,8,288
87555,9,27
87555,9,589
87555,10,69
87555,10,1933
87555,8,554
87555,7,449
87555,10,74
87555,9,1234
87555,8,881
87712,9,14
87712,7,553
87712,8,243
87712,8,102
87712,10,435
87712,10,807
87712,9,16
87911,5,197
87911,7,303
87911,5,36
87938,8,1680
87938,7,7
87938,8,747
87938,7,1177
88122,10,3
88122,10,128
88122,10,209
88389,6,346
88389,8,210
88389,8,49
88620,8,35
88620,8,505
88620,8,132
88677,8,215
88677,8,460
88677,8,703
88677,7,819
88693,8,7
88693,10,1394
88693,9,644
88693,9,83
88693,9,557
88693,8,1422
88693,8,195
88693,7,104
88733,8,117
88733,10,193
88733,8,502
88733,10,542
88733,9,1645
88733,10,381
88793,9,553
88793,10,1092
88793,9,544
88793,10,1254
88793,9,190
88793,10,254
88793,10,52
89207,10,135
89207,10,363
89207,10,587
89602,7,716
89602,7,193
89602,8,156
89602,6,290
89602,8,1549
89602,7,625
89602,8,112
89602,7,161
89602,7,425
89602,5,314
89602,7,859
89602,7,69
89602,9,47
89602,9,557
89602,7,544
89602,5,195
89602,5,524
89602,5,74
89602,8,514
89602,7,254
89602,8,52
89851,8,395
89851,6,346
89851,8,541
89851,5,5
90198,6,233
90198,7,162
90198,6,517
90198,8,241
90198,10,683
90391,8,35
90391,6,279
90391,8,218
90417,5,6
90417,5,49
90417,10,13
90616,5,43
90616,7,449
90616,9,557
90616,7,287
91058,10,180
91058,8,349
91058,9,254
91103,8,2355
91103,7,154
91103,6,39
91103,8,167
91103,8,724
91103,7,16
91113,8,328
91113,10,193
91113,8,268
91113,7,314
91113,8,82
91113,9,6
91113,9,326
91113,8,123
91113,10,17
91184,6,9
91184,9,1562
91184,5,209
91184,5,186
91184,8,581
91184,5,141
91184,5,1184
91184,10,490
91203,9,328
91203,9,50
91203,9,202
91203,9,436
91449,10,45
91449,9,192
91449,8,437
92152,8,594
92152,8,243
92152,10,52
92398,10,789
92398,8,195
92398,8,800
92399,8,832
92399,9,186
92399,8,1346
92498,8,1487
92498,9,7
92498,8,1128
92498,7,843
92498,7,1593
92547,8,1183
92547,10,92
92547,5,384
92547,9,1170
92810,7,626
92810,8,162
92810,8,1242
92861,8,521
92861,10,625
92861,5,1447
92861,10,3
92861,7,562
92861,9,718
92861,6,22
92861,10,176
92979,4,53
92979,7,102
92979,5,48
93034,8,709
93034,8,363
93034,8,587
93034,7,1464
93034,8,59
93034,7,2023
93047,7,716
93047,9,1082
93047,8,137
93047,7,1111
93047,8,69
93047,8,209
93047,6,81
93047,8,420
93047,8,64
93047,8,514
93047,8,368
93047,9,1184
93092,9,27
93092,10,371
93092,10,49
93092,7,559
93092,6,30
93092,10,608
93092,9,267
93092,7,16
93092,7,1253
93363,8,1839
93363,8,1159
93363,9,1837
93363,9,1390
93426,8,288
93426,6,306
93426,10,542
93426,5,13
93426,5,436
93453,9,243
93453,8,401
93453,9,593
93872,5,610
93872,8,49
93872,7,289
94347,6,679
94347,8,308
94347,7,288
94347,5,163
94347,6,26
94347,7,124
94347,7,167
94347,8,544
94347,9,289
94347,7,718
94347,8,924
94347,10,547
94787,9,45
94787,7,156
94787,8,265
94787,9,5
94985,6,1103
94985,7,1225
94985,8,1717
94985,9,957
95173,8,657
95173,6,47
95173,1,18
95173,8,326
95173,10,52
95359,7,769
95359,8,348
95359,9,324
95359,7,156
95359,6,1057
95359,10,429
95359,10,428
95359,10,1140
95359,10,1141
95359,10,1142
95359,10,430
95359,10,2048
95359,5,1394
95359,10,147
95359,10,407
95359,6,154
95359,8,3
95359,7,727
95359,6,43
95359,7,320
95359,8,1311
95359,9,314
95359,9,484
95359,10,621
95359,8,102
95359,8,122
95359,10,58
95359,10,542
95359,8,999
95359,8,326
95359,7,231
95359,7,574
95359,9,544
95359,5,99
95359,7,1280
95359,9,424
95359,7,173
95359,8,5
95359,9,618
95359,8,57
95359,6,756
95359,8,758
95393,10,165
95393,8,119
95393,10,268
95506,9,50
95506,8,389
95506,8,218
95932,7,156
95932,8,950
95932,9,542
95932,7,1476
95932,6,807
95932,8,386
95991,7,271
95991,10,280
95991,8,421
95991,8,254
96357,8,1222
96357,9,3
96357,9,124
96357,9,705
96357,8,49
96357,9,334
96440,7,156
96440,7,112
96440,8,1069
96448,9,156
96448,9,334
96448,8,17
96521,8,844
96521,8,151
96521,8,532
96744,10,28
96744,10,148
96744,8,271
97179,5,909
97179,5,559
97179,6,208
97208,8,243
97208,7,332
97208,1,374
97290,9,1382
97290,10,301
97290,9,98
97324,10,7
97324,8,679
97324,7,2069
97324,8,136
97324,8,941
97324,9,2068
97324,8,1478
97754,8,168
97754,7,165
97754,8,73
97754,5,1301
97754,9,697
97754,8,758
97874,8,397
97874,8,1750
97874,10,2326
97874,9,180
97874,9,336
97874,8,851
97874,9,1260
97874,9,519
97874,10,437
97874,1,1266
98263,10,243
98263,8,39
98263,10,102
98263,8,316
98263,8,116
98263,10,544
98263,10,837
98263,10,52
98297,10,619
98297,10,471
98297,1,44
98297,8,786
98356,6,44
98356,9,673
98356,8,533
98391,10,1460
98391,10,1732
98391,10,1155
98391,8,1724
98391,9,694
98391,9,1733
98391,8,555
98391,9,306
98391,9,1746
98391,9,1272
98391,8,234
98391,10,200
98391,10,1727
98391,8,1147
98391,10,1725
98391,10,1654
98391,8,1121
98391,9,1701
98391,9,822
98391,9,87
98391,8,1000
98391,9,1238
98391,10,292
98391,10,1730
98391,9,925
98391,8,1731
98391,8,1742
98391,8,1686
98391,9,774
98391,8,1737
98391,10,1729
98391,8,448
98391,8,1745
98391,10,1728
98391,10,1251
98391,9,1748
98391,10,1073
98440,7,3
98440,10,844
98440,10,81
98440,10,869
98440,7,291
98440,10,1493
98484,10,647
98484,9,69
98484,10,1248
98484,9,280
98547,10,160
98547,5,822
98547,7,1201
98547,4,636
98758,7,1751
98758,8,558
98758,10,379
98758,7,618
98758,10,1752
98787,10,133
98787,8,124
98787,9,374
98904,6,160
98904,10,300
98904,8,170
98904,6,388
98904,10,1754
99347,9,243
99347,10,78
99347,8,782
99347,9,636
99441,8,1313
99441,9,708
99441,10,1426
99441,9,103
99441,9,242
99441,9,2098
99441,9,847
99441,10,480
99441,10,2099
100393,5,327
100393,5,128
100393,5,0
100459,7,27
100459,8,53
100459,9,170
100459,8,124
100459,9,210
100459,8,116
100459,8,195
100459,8,16
100459,10,1078
100906,8,613
100906,8,153
100906,7,300
100906,9,309
100906,8,2107
100906,8,209
100906,8,479
100906,9,1588
100906,9,748
100906,7,1642
100906,10,166
100906,9,1816
100906,10,718
100906,8,80
100906,8,845
100906,9,514
101209,5,1438
101209,7,0
101209,5,2258
101305,8,7
101305,8,109
101305,8,12
101305,5,122
101305,7,42
101305,8,57
101517,5,377
101517,5,475
101517,5,1039
101606,9,256
101606,8,578
101606,8,480
101620,9,119
101620,8,301
101620,6,405
101620,9,111
101731,10,385
101731,8,216
101731,5,92
101731,9,178
101851,7,2112
101851,8,59
101851,10,209
101851,10,1517
101851,7,93
101851,10,989
101851,10,186
101851,10,1014
101851,7,520
101851,6,357
101851,10,2261
101851,9,2183
101851,9,2264
101851,10,490
101851,10,491
101876,9,406
101876,8,844
101876,8,162
101876,9,231
101876,8,722
101876,10,16
101876,7,826
102642,6,193
102642,4,747
102642,4,1306
102642,2,72
102647,7,209
102647,10,281
102647,7,5
102668,8,288
102668,7,170
102668,9,287
102702,10,209
102702,8,49
102702,8,454
102702,10,574
102702,10,1238
102702,10,717
102702,10,1835
102705,7,193
102705,9,243
102705,10,83
102705,6,819
103336,10,50
103336,8,320
103336,6,124
104113,8,1487
104113,9,601
104113,9,14
104113,9,154
104113,10,3
104113,10,735
104113,10,578
104113,7,276
104113,9,334
104144,8,87
104144,9,375
104144,8,374
104278,10,200
104278,10,1726
104278,10,1147
104278,10,292
104278,10,1734
104399,10,650
104399,10,111
104399,10,209
104399,10,291
104399,10,273
104399,10,693
104399,10,807
104399,10,143
104399,10,800
104399,10,744
104636,8,322
104636,9,119
104636,9,301
104636,8,154
104636,10,469
104636,8,591
104636,10,559
104636,10,267
104636,7,702
104636,9,104
104636,3,400
104636,9,722
104636,8,90
104636,10,321
104636,9,25
104636,8,903
104636,9,1393
104636,7,374
104665,8,39
104665,8,401
104665,6,386
104880,7,293
104880,9,28
104880,9,148
104880,8,1297
104880,8,186
105028,8,389
105028,7,619
105028,8,1475
105028,9,1314
105028,10,43
105028,9,737
105028,6,49
105028,7,291
105028,8,273
105028,8,693
105028,8,575
105214,6,156
105214,9,1549
105214,10,789
105214,9,542
105221,10,28
105221,10,148
105221,9,991
105221,10,209
105221,9,682
105221,10,1093
105374,10,1074
105374,8,147
105374,9,109
105374,7,557
105374,8,202
105517,8,1487
105517,5,587
105517,7,154
105517,7,1311
105517,7,1152
105517,7,542
105517,7,291
105517,5,853
105517,9,289
105517,8,379
105517,9,578
105517,8,368
105517,9,188
105517,9,141
105517,8,492
105536,8,197
105536,8,1992
105536,5,1445
105979,9,50
105979,7,288
105979,9,35
105979,9,102
105979,5,1933
105979,5,0
105979,1,49
105979,10,464
105979,10,1154
105979,7,2007
105979,10,1149
105979,5,1336
106007,6,301
106007,10,1612
106007,7,31
106007,7,540
106007,10,105
106208,8,7
106208,10,49
106208,10,620
106225,8,154
106225,6,556
106225,8,914
106614,7,112
106614,8,14
106614,8,52
106768,7,669
106768,10,2012
106768,9,30
106768,7,1396
106768,9,505
106768,8,1754
106895,6,15
106895,6,39
106895,7,174
107021,9,119
107021,9,301
107021,7,1147
107021,9,265
107244,9,444
107244,10,162
107244,9,104
107301,9,716
107301,10,742
107301,9,42
107326,6,205
107326,8,31
107326,9,1209
107784,9,50
107784,5,628
107784,9,0
107784,5,909
107784,5,866
107784,5,224
107784,7,693
107784,5,5
107784,5,379
107784,5,805
107951,9,961
107951,10,991
107951,8,1784
107951,9,1783
107951,7,1782
107951,10,205
107951,8,1071
108352,7,1134
108352,10,3
108352,9,334
108405,8,111
108405,7,591
108405,9,139
108799,8,290
108799,9,75
108799,9,980
109574,10,502
109574,8,92
109574,10,289
109779,9,3
109779,6,273
109779,9,1846
109779,9,1014
109779,8,95
109779,7,94
109864,8,15
109864,8,1076
109864,8,82
109864,7,195
109901,8,293
109901,10,314
109901,9,69
109901,10,30
109901,10,291
109901,10,240
109901,8,383
109901,10,386
109901,10,800
109901,10,5
109901,8,54
109901,9,514
109921,7,482
109921,8,162
109921,10,5
109955,9,328
109955,8,1042
109955,8,1252
109955,10,802
110361,7,1166
110361,7,132
110361,8,1050
110373,9,85
110373,7,900
110373,8,271
110483,8,1860
110483,10,108
110483,9,151
110483,8,150
110558,5,0
110558,5,909
110558,8,18
110887,9,196
110887,5,124
110887,5,435
110912,8,193
110912,8,309
110912,10,209
110912,10,99
110912,8,977
110912,8,92
110912,10,54
110912,10,254
110912,10,52
110934,7,156
110934,9,112
110934,7,228
110934,9,842
110934,9,119
110934,9,301
110934,7,475
110934,5,1468
110934,9,268
110934,9,233
110934,8,332
110934,9,209
110934,8,1018
110934,10,620
110934,6,375
110934,9,254
110934,9,52
110973,9,1419
110973,10,789
110973,10,239
110973,4,1674
110973,9,281
110973,9,92
110973,8,4
110973,10,319
110973,9,528
110973,7,1145
110973,9,218
111174,7,1437
111174,7,69
111174,8,456
111174,5,494
111190,8,301
111190,5,835
111190,5,265
111190,5,358
111241,7,268
111241,5,127
111241,8,16
111286,10,193
111286,6,41
111286,8,12
111286,7,319
111286,8,17
111637,5,119
111637,9,6
111637,8,254
111637,8,178
111637,7,52
111847,10,871
111847,10,773
111847,10,143
111847,4,1073
111944,7,2086
111944,6,33
111944,4,667
111944,9,2085
111944,6,421
111944,6,765
111944,6,919
111944,10,151
111944,9,150
111947,10,789
111947,10,575
111947,5,99
111947,8,1212
111947,10,1665
112001,10,50
112001,9,111
112001,10,593
112001,10,267
112001,10,704
112001,10,569
112001,10,703
112001,10,819
112001,9,99
112001,10,357
112001,10,1660
112026,9,553
112026,8,267
112026,8,5
112298,5,276
112298,7,176
112298,9,369
112512,9,3
112512,10,1524
112512,8,378
112761,7,13
112761,8,702
112761,10,569
112761,10,836
112761,10,568
112953,10,2100
112953,7,198
112953,8,618
112953,10,1603
112953,8,175
113030,9,3
113030,10,92
113030,10,491
113270,8,50
113270,7,243
113270,10,947
113270,10,124
113270,10,464
113270,10,202
113270,8,4
113270,10,2007
113270,6,17
113270,3,756
113270,8,52
113334,5,44
113334,8,1205
113334,8,650
113334,7,143
113334,10,241
113519,8,926
113519,7,617
113519,8,39
113519,9,83
113519,9,4
113661,10,153
113661,10,61
113661,10,217
113661,10,42
113955,9,36
113955,8,1626
113955,9,862
113955,7,542
113983,7,111
113983,8,162
113983,7,231
114368,5,233
114368,10,317
114368,10,1840
114368,5,1836
114368,5,959
114368,5,209
114368,10,13
114368,5,1238
114368,10,91
114368,5,704
114368,5,538
114368,5,702
114368,5,570
114368,5,569
114368,5,703
114368,5,819
114368,5,140
114368,5,636
114414,10,553
114414,9,555
114414,10,557
114414,9,107
114544,5,50
114544,7,27
114544,8,154
114544,7,102
114544,6,124
114544,8,167
114544,3,544
114544,7,195
114544,7,42
114544,6,349
114544,10,16
114868,7,1095
114868,8,170
114868,9,605
114868,10,1175
114988,7,716
114988,6,165
114988,7,61
114988,8,478
114988,8,231
114988,5,1422
114988,7,957
114988,7,54
114988,8,254
114988,7,52
115002,7,657
115002,8,268
115002,7,1238
115003,5,177
115003,7,7
115003,8,526
115003,10,1166
115003,10,72
115003,7,247
115003,8,1363
115003,8,102
115003,7,12
115003,7,1339
115003,7,83
115003,8,449
115003,6,195
115003,8,16
115003,8,379
115003,7,17
115224,10,45
115224,8,143
115224,6,132
115435,10,197
115435,8,7
115435,10,366
115435,8,67
115435,8,258
115435,9,53
115435,10,202
115435,7,718
115435,8,970
115435,10,433
115435,8,369
115490,10,1297
115490,2,400
115490,10,105
115572,9,50
115572,8,28
115572,9,148
115572,9,36
115572,10,1331
115572,10,209
115572,8,542
115572,9,205
115572,10,2239
115572,10,31
116123,7,371
116123,6,124
116123,7,218
116758,9,50
116758,8,154
116758,8,195
116758,8,846
116904,10,1855
116904,10,209
116904,7,593
116904,10,319
116990,5,911
116990,9,122
116990,9,265
117251,8,504
117251,10,289
117251,10,334
117251,8,1667
117256,8,496
117256,8,559
117256,7,18
117539,10,1171
117539,8,478
117539,10,17
117700,10,465
117700,10,221
117700,8,1456
117873,5,1047
117873,7,1842
117873,8,190
117873,9,105
117873,10,374
118135,6,2263
118135,8,270
118135,6,44
118135,8,875
118628,10,85
118628,8,47
118628,8,242
118628,5,166
119541,6,846
119541,8,22
119541,9,48
119594,10,502
119594,8,346
119594,9,69
119725,6,1071
119725,7,1273
119725,10,252
120093,5,909
120093,10,386
120093,10,800
120093,10,334
120396,9,406
120396,10,0
120396,10,559
120565,9,136
120565,10,544
120565,10,929
120598,8,346
120598,9,167
120598,10,125
120860,9,45
120860,8,100
120860,2,1619
120860,7,1449
120908,10,1025
120908,10,13
120908,9,17
121170,7,156
121170,8,3
121170,7,589
121170,8,170
121170,9,17
121170,7,778
121264,7,964
121264,6,1085
121264,5,108
121264,3,825
121264,1,861
121606,9,1436
121606,10,1009
121606,9,1120
122045,8,165
122045,5,380
122045,7,509
122429,7,613
122429,8,27
122429,10,1227
122429,7,163
122429,5,1747
122429,10,650
122429,8,1149
122429,9,490
122429,9,374
122793,9,167
122793,7,593
122793,9,742
122801,9,1095
122801,8,62
122801,7,193
122801,8,112
123056,8,196
123056,7,2356
123056,8,545
123501,10,1220
123501,10,343
123501,10,1619
123501,10,524
123544,5,1288
123544,7,273
123544,4,693
123544,6,508
123544,6,1031
123544,6,42
123544,6,206
123544,10,182
123608,8,2077
123608,8,1910
123608,8,209
123608,8,858
123608,8,1282
123608,6,92
123825,9,724
123825,8,42
123825,8,16
123867,10,789
123867,9,20
123867,8,99
123867,6,5
123883,5,271
123883,5,728
123883,5,13
123883,5,1658
123981,7,243
123981,10,170
123981,9,693
123981,9,807
124078,10,1765
124078,7,1308
124078,10,1187
124078,10,291
124078,7,717
124078,10,764
124078,10,364
124078,10,151
124078,10,150
124310,7,170
124310,7,1038
124310,9,75
124310,8,226
124487,9,900
124487,9,754
124487,10,401
124487,9,127
124487,5,627
124487,5,24
124487,10,0
124487,5,49
124487,9,13
124487,9,99
124487,9,568
124769,8,314
124769,8,294
124769,10,1421
124769,8,881
124874,10,50
124874,7,288
124874,10,3
124874,8,6
124874,10,210
124874,7,418
124874,5,195
124874,9,713
124876,10,1940
124876,10,209
124876,7,240
124876,9,800
124876,9,486
124876,9,310
124988,8,1804
124988,9,652
124988,7,580
124988,8,585
125031,8,27
125031,7,123
125031,7,52
125217,7,559
125217,7,1948
125217,8,5
125287,8,288
125287,8,294
125287,9,823
125411,10,163
125411,10,116
125411,2,195
125519,9,65
125519,8,0
125519,9,1355
125519,10,1954
125519,10,492
125692,9,167
125692,9,49
125692,10,812
125692,8,608
125774,9,328
125774,10,112
125774,8,1219
125774,10,874
125774,10,28
125774,10,449
125774,7,1191
125774,10,864
125774,8,192
125774,10,1647
125774,9,374
126149,6,120
126149,9,81
126149,8,226
126149,10,2158
126296,8,165
126296,7,163
126296,9,701
126388,10,28
126388,10,148
126388,9,405
126388,9,693
126388,10,1060
126492,10,197
126492,10,789
126492,1,669
126492,7,30
126492,5,291
126492,10,326
126492,8,16
126492,10,143
126492,10,386
126604,7,324
126604,6,67
126604,9,154
126604,7,464
126604,7,54
126604,6,74
126604,6,2187
127049,7,7
127049,7,39
127049,8,47
127200,8,722
127200,6,252
127200,8,1184
127233,8,328
127233,10,428
127233,10,2102
127233,9,557
127233,10,74
127233,6,697
127359,8,1394
127359,8,626
127359,8,1561
127359,8,17
127359,7,636
127914,8,193
127914,9,830
127914,10,240
127914,8,123
128085,9,827
128085,9,61
128085,10,24
128085,8,866
128085,9,326
128085,8,528
128085,9,184
128085,9,54
128119,8,119
128119,8,301
128119,9,608
128276,5,39
128276,6,413
128276,6,486
128331,10,759
128331,6,2202
128331,7,1160
128696,9,147
128696,9,122
128696,8,369
128835,9,69
128835,10,205
128835,9,30
128835,9,143
128835,9,60
128835,9,524
128835,10,378
129084,9,193
129084,8,195
129084,8,16
129465,7,1272
129465,9,1010
129465,9,1626
129465,8,1147
129503,8,153
129503,9,442
129503,7,578
129503,8,319
129716,10,928
129716,9,1487
129716,10,601
129716,10,2003
129716,9,3
129716,9,300
129716,10,1990
129716,10,578
129716,10,80
129716,10,2002
129716,8,433
129716,8,697
130482,7,85
130482,8,1026
130482,7,153
130482,7,394
130482,10,1188
130482,8,1180
130482,7,1909
130554,5,429
130554,5,1239
130554,9,209
130554,10,2015
130554,6,2014
130554,6,2013
130571,7,544
130571,8,780
130571,8,17
130571,6,176
130705,9,348
130705,10,288
130705,8,276
130705,9,1592
130705,8,437
130705,8,1050
131027,9,499
131027,8,122
131027,10,664
131032,7,457
131032,8,1014
131032,7,528
131046,8,119
131046,10,148
131046,8,233
131317,8,789
131317,10,1531
131317,8,800
131402,5,133
131402,10,502
131402,7,135
131402,7,587
131622,8,371
131622,10,271
131622,7,627
131622,10,93
131686,1,154
131686,5,300
131686,8,508
131686,9,1031
131686,8,206
131686,8,138
132786,8,107
132786,2,1897
132786,9,2235
133225,10,1222
133225,7,232
133225,10,524
133571,8,228
133571,7,168
133571,7,456
133571,7,1149
133571,6,421
133571,7,586
133571,8,52
133706,9,337
133706,8,24
133706,8,0
133706,7,248
133747,6,389
133747,8,116
133747,7,1561
133747,5,722
133747,9,1825
133747,3,436
133747,4,22
133747,8,218
133935,7,290
133935,8,28
133935,8,148
133935,8,215
133935,8,693
133935,8,618
133935,7,966
134311,10,49
134311,10,319
134311,9,188
134434,7,197
134434,8,679
134434,7,392
134434,6,28
134434,6,740
134434,7,580
134434,8,578
134434,7,618
134434,6,1592
134434,8,2247
134483,6,6
134483,8,116
134483,8,52
134797,8,0
134797,9,73
134797,10,49
134837,7,1450
134837,9,738
134837,2,2057
135045,9,119
135045,9,122
135045,8,291
135045,10,273
135045,8,326
135045,9,683
135149,6,50
135149,7,156
135149,3,15
135149,6,908
135149,8,441
135149,10,148
135149,8,61
135149,9,102
135149,9,650
135149,8,476
135149,6,265
135149,7,792
135149,7,18
135149,7,375
135149,6,99
135149,10,244
135149,8,1500
135149,8,285
135149,8,1137
135149,7,616
135149,10,802
135265,7,300
135265,5,2060
135265,7,1272
135265,9,1147
135265,10,1000
135360,9,1157
135360,9,42
135360,9,54
135360,5,1112
135360,9,105
135411,7,193
135411,7,102
135411,3,52
135609,6,594
135609,6,1800
135609,7,102
135609,8,478
135703,10,368
135703,10,254
135703,10,52
135831,7,193
135831,7,195
135831,7,4
136010,8,1057
136010,8,154
136010,3,2046
136010,8,1351
136010,10,141
136010,10,1184
136010,10,490
136010,10,491
136010,10,492
136010,10,489
136010,8,2070
136139,8,35
136139,9,82
136139,8,545
136193,7,188
136193,10,218
136193,8,374
136205,9,170
136205,10,627
136205,5,1041
136348,9,435
136348,9,319
136348,8,1605
136348,7,279
136348,6,630
136382,3,50
136382,8,119
136382,8,301
136382,6,268
136382,7,170
136382,7,364
136382,5,2
136491,8,153
136491,10,3
136491,10,1114
136491,8,209
136491,9,578
136491,5,334
137118,5,148
137118,7,116
137118,7,267
137589,9,50
137589,10,109
137589,7,39
137589,7,53
137589,9,464
137589,8,54
137589,8,881
137620,10,260
137620,5,109
137620,2,231
137620,4,166
137620,4,17
137688,10,163
137688,5,31
137688,10,319
137816,10,905
137816,5,2067
137816,9,1592
137816,7,2066
138198,7,7
138198,7,116
138198,9,195
138198,7,225
138198,5,143
138543,9,50
138543,9,156
138543,7,288
138543,10,28
138543,10,148
138543,10,991
138543,9,233
138543,6,593
138543,8,334
138543,8,786
138578,10,53
138578,8,102
138578,9,418
138578,10,231
138578,10,16
138578,8,846
138602,10,2093
138602,10,95
138602,10,94
138602,10,1137
138602,10,396
138777,9,193
138777,7,124
138777,9,116
138844,7,397
138844,9,50
138844,9,243
138844,5,170
138844,8,124
138844,9,167
138844,8,195
138844,9,52
138995,9,28
138995,9,148
138995,9,30
138995,9,291
138995,10,764
138995,10,365
138995,10,364
139070,9,1925
139070,8,734
139070,10,115
139220,7,1222
139220,7,43
139220,8,250
139243,7,348
139243,10,196
139243,8,228
139243,5,163
139359,5,27
139359,8,172
139359,9,82
139359,8,210
139359,8,17
139913,9,39
139913,8,317
139913,7,122
139913,10,333
139913,10,375
140000,5,892
140000,9,1189
140000,9,119
140000,5,61
140000,8,243
140000,7,652
140000,7,102
140000,10,6
140000,10,1176
140000,9,741
140000,7,513
140036,1,3
140036,9,2105
140036,6,2
140255,9,1382
140255,9,267
140255,9,16
140358,5,27
140358,5,154
140358,5,43
140358,5,388
140358,5,195
140358,5,143
140358,5,92
140358,5,289
140358,5,48
140555,8,515
140555,7,12
140555,9,544
140555,9,2108
140662,1,288
140662,7,160
140662,3,243
140662,10,49
140662,9,140
140662,5,16
140879,8,1382
140879,8,231
140879,8,132
140879,8,52
140974,8,50
140974,7,1214
140974,8,254
141444,9,27
141444,8,154
141444,5,405
141444,5,835
141444,5,49
141444,6,143
141444,4,618
141444,9,4
141444,9,48
141491,5,50
141491,4,2243
141491,3,6
141491,7,841
141493,6,50
141493,5,45
141493,9,61
141493,8,73
141493,8,202
141493,7,962
141493,10,2
141493,9,52
141511,7,348
141511,7,147
141511,1,3
141511,5,433
141710,8,153
141710,6,122
141710,8,52
141719,10,50
141719,8,288
141719,9,54
141901,10,193
141901,8,27
141901,6,544
141901,10,319
142121,9,50
142121,7,156
142121,7,147
142121,3,268
142121,5,1272
142121,10,542
142121,9,210
142121,10,1453
142121,10,1834
142121,9,254
142143,8,163
142143,8,821
142143,5,1067
142256,9,14
142256,8,124
142256,9,73
142256,9,909
142256,8,195
142256,7,267
142479,10,50
142479,7,605
142479,10,237
142524,9,372
142524,8,288
142524,8,1085
142524,9,1025
142524,8,557
142524,8,783
142524,8,17
142524,10,1224
142579,8,626
142579,8,358
142579,7,724
142584,8,50
142584,9,300
142584,10,334
142672,9,197
142672,10,28
142672,10,148
142715,5,39
142715,5,53
142715,2,195
142715,10,319
143163,8,49
143163,10,326
143163,10,241
143163,10,75
143211,8,16
143211,8,74
143211,8,701
143415,10,7
143415,8,545
143415,8,796
143415,10,319
143415,10,1129
143792,7,120
143792,6,553
143792,9,47
143792,5,506
143792,9,1321
143968,10,732
143968,10,154
143968,8,1997
143968,8,933
144038,9,1916
144038,10,50
144038,10,156
144038,10,168
144038,10,216
144038,9,578
144038,10,105
144255,7,118
144255,5,0
144255,7,326
144255,8,52
144318,9,119
144318,9,301
144318,9,268
144531,7,504
144531,8,328
144531,9,197
144531,9,45
144531,9,119
144531,9,301
144531,8,542
144531,8,123
145109,9,2139
145109,8,1326
145109,10,1270
145449,6,7
145449,10,1173
145449,7,268
145449,7,154
145449,8,122
145449,8,533
145449,10,52
145449,10,48
146113,8,119
146113,9,268
146113,8,33
146113,5,685
146230,8,337
146230,10,209
146230,6,5
146348,10,2284
146348,10,1834
146348,9,2285
146803,10,293
146803,8,154
146803,7,2357
146803,8,278
146803,8,508
147451,10,47
147451,8,124
147451,7,566
147965,10,588
147965,8,6
147965,10,218
148199,6,1932
148199,8,711
148199,7,216
148199,10,2057
148199,7,1616
148258,10,335
148258,5,367
148258,6,180
148258,10,2059
148258,10,285
148744,10,102
148744,9,542
148744,10,88
148744,8,48
148898,3,553
148898,5,628
148898,5,39
148898,10,107
149907,10,2301
149907,10,1377
149907,10,2302
149907,7,896
149908,8,649
149908,10,716
149908,10,69
149908,8,47
149908,10,453
149908,8,380
149908,8,1040
150124,10,865
150124,10,2289
150124,6,1167
150661,9,542
150661,10,388
150661,6,227
150661,8,92
150896,10,1488
150896,7,156
150896,7,93
150896,6,334
150896,8,543
150979,10,196
150979,8,70
150979,7,3
150979,5,102
150979,8,608
150979,9,74
152099,9,143
152099,9,297
152099,7,151
152409,9,50
152409,8,39
152409,8,399
152579,7,267
152579,10,121
152579,8,1050
152946,8,117
152946,8,165
152946,6,1019
152946,8,75
152946,8,875
153054,10,14
153054,10,169
153054,9,319
153054,9,63
153513,8,45
153513,10,3
153513,7,122
153513,8,71
153513,6,0
153513,6,16
153513,9,57
153662,10,602
153662,10,1521
153662,10,228
153662,9,154
153662,10,317
153662,5,53
153662,9,1001
153662,9,170
153662,10,361
153662,9,678
153662,10,676
153662,9,693
153662,9,86
153662,9,13
153662,8,87
153662,9,1238
153662,8,46
153662,10,677
153662,10,1389
153662,9,744
153662,9,123
153662,7,1870
153718,7,288
153718,7,1771
153718,8,317
153718,10,844
153718,5,195
153718,8,13
153718,8,1734
153797,7,154
153797,9,240
153797,6,16
153797,8,218
154345,7,1967
154345,5,1757
154345,7,2213
154345,8,105
154345,8,175
154469,10,593
154469,10,30
154469,10,1201
154529,7,900
154529,9,518
154529,8,239
155014,8,3
155014,10,28
155014,8,108
155014,10,493
155219,10,306
155219,5,367
155219,10,123
155376,7,27
155376,8,514
155376,10,254
155376,9,52
155495,10,28
155495,10,148
155495,10,1493
155913,9,156
155913,9,896
155913,10,954
156150,8,716
156150,10,680
156150,10,429
156150,10,428
156150,10,1139
156150,5,1140
156150,10,1141
156150,10,1142
156150,9,430
156150,10,288
156150,10,165
156150,8,294
156150,8,647
156150,8,69
156150,8,304
156150,8,1704
156150,8,1957
156150,7,31
156150,5,76
156150,9,289
156150,9,64
156150,8,1592
156150,9,54
156150,7,74
156150,8,514
156150,10,1605
156269,10,1495
156269,7,393
156269,8,976
156269,8,1047
156269,9,904
156269,8,1101
156269,8,12
156269,7,1420
156269,7,881
156300,10,401
156300,10,213
156300,10,111
156300,10,593
156467,8,291
156467,10,13
156467,10,279
156467,10,568
156467,10,805
156584,7,759
156584,7,307
156584,6,162
156584,7,132
157247,6,62
157247,6,1039
157247,7,559
157247,7,139
157247,5,618
157273,6,156
157273,8,622
157273,9,31
157273,7,48
158226,7,906
158226,8,197
158226,6,1986
158226,9,1025
158226,8,9
158226,9,752
158226,3,759
158226,7,186
158226,7,485
158226,8,1188
158226,8,941
158226,9,1383
158226,9,1987
158226,9,930
158254,9,50
158254,8,193
158254,8,3
158254,9,61
158254,10,163
158254,8,82
158254,6,1321
158254,10,896
158295,7,119
158295,8,754
158295,6,401
158295,7,24
158295,7,86
158295,7,1938
158295,8,143
158295,8,241
158433,8,900
158433,8,127
158433,7,405
158433,6,388
158433,10,99
158433,7,143
158774,7,156
158774,6,1084
158774,7,173
158774,8,276
159506,8,293
159506,10,840
159506,10,28
159506,10,148
159506,10,705
159506,8,0
159506,9,729
159506,7,2021
159506,10,783
159506,8,334
159506,9,2020
159834,9,816
159834,10,1394
159834,8,128
159834,10,1137
160295,10,156
160295,9,247
160295,9,802
160558,5,50
160558,8,455
160558,5,921
160558,10,289
160571,8,228
160571,7,82
160571,10,52
160681,6,959
160681,8,93
160681,10,252
160819,9,164
160819,10,1075
160819,10,27
160819,10,243
160819,10,170
160819,10,195
160819,8,424
160819,10,254
160819,10,1073
161041,7,1899
161041,8,197
161041,1,7
161041,5,1353
161041,10,335
161041,10,487
161041,10,1795
161041,10,578
161041,7,941
161041,10,1902
161252,7,307
161252,9,106
161252,9,17
161831,10,688
161831,10,99
161831,10,485
161831,10,386
161936,8,6
161936,9,192
161936,8,289
161974,5,228
161974,10,168
161974,6,102
162030,5,268
162030,9,583
162030,8,374
162052,10,122
162052,10,74
162052,6,368
162376,9,3
162376,7,82
162376,8,319
162376,10,1383
162376,8,52
162639,10,301
162639,10,268
162639,6,449
162639,7,124
162639,9,36
162639,9,209
162639,9,287
162639,8,542
162639,8,375
162639,7,321
162639,10,1378
162639,8,319
162639,8,1797
162639,8,374
162639,9,630
162738,7,1166
162738,10,28
162738,10,148
162738,8,279
163202,9,1114
163202,10,865
163202,10,93
163467,7,16
163467,7,90
163467,7,223
163488,8,680
163488,10,3
163488,5,593
163488,7,267
163488,8,384
163488,6,1269
163570,10,273
163570,8,1333
163570,8,880
163570,9,143
163570,10,1754
163804,8,119
163804,8,268
163804,6,39
163804,5,124
163804,10,627
163804,10,287
163804,5,544
163804,7,267
164096,9,117
164096,7,335
164096,6,165
164096,9,2057
164096,7,2359
164323,8,716
164323,8,959
164323,8,711
164323,9,59
164323,8,16
164323,8,54
164323,8,52
164323,8,176
164533,7,1075
164533,7,1807
164533,7,2360
164533,7,286
164581,7,209
164581,10,2361
164581,8,573
164584,9,154
164584,8,39
164584,7,950
164584,7,107
164675,7,900
164675,8,213
164675,7,862
164675,9,1051
164728,9,148
164728,8,213
164728,7,199
165183,10,50
165183,9,53
165183,8,102
165183,9,83
165183,9,167
165183,10,42
165308,9,193
165308,9,156
165308,8,154
165308,6,555
165308,9,297
165308,5,188
165319,7,93
165319,8,204
165319,6,126
165319,6,533
165345,8,50
165345,9,193
165345,9,27
165758,5,213
165758,5,128
165758,5,693
165758,5,176
166123,9,315
166123,10,148
166123,7,1031
166123,10,95
166123,10,1137
166123,9,396
166123,10,1266
166409,6,124
166409,8,218
166409,8,48
166492,8,1155
166492,9,225
166492,6,422
166596,9,679
166596,7,221
166596,9,124
166596,8,167
166596,5,134
167471,8,147
167471,8,475
167471,10,47
167471,8,195
167471,7,16
167562,9,193
167562,8,39
167562,8,114
167782,9,35
167782,10,309
167782,10,514
167812,8,7
167812,8,82
167812,7,6
167812,7,202
167865,5,39
167865,8,49
167865,8,195
168047,9,153
168047,8,610
168047,10,1366
168047,10,209
168047,7,946
168047,9,945
168064,8,557
168064,7,766
168064,8,401
168064,8,1
168064,6,817
168064,7,17
168245,10,304
168245,9,73
168245,9,1493
168954,7,112
168954,5,3
168954,8,6
168954,9,433
169057,9,622
169057,8,268
169057,10,593
169682,5,978
169682,5,129
169682,5,1205
169682,5,43
169682,7,1463
169682,7,116
169682,8,457
169682,7,1905
169682,8,1906
170184,9,69
170184,8,1038
170184,8,946
170184,8,1412
170513,8,324
170513,8,233
170513,10,789
170513,5,401
170513,8,2089
170634,10,2032
170634,10,209
170634,10,593
171118,6,777
171118,6,649
171118,6,1033
171118,8,522
171118,9,1659
171118,8,770
171118,8,2368
171118,7,911
171118,5,406
171118,8,1568
171118,10,1472
171118,9,1283
171118,9,612
171118,8,2369
171118,6,711
171118,8,650
171118,9,1401
171118,7,142
171118,7,81
171118,7,869
171118,5,678
171118,8,541
171118,7,1486
171118,9,1531
171118,9,225
171118,7,2370
171118,10,2371
171118,5,1723
171118,6,378
171118,8,1184
171118,8,490
171118,8,489
171295,10,1057
171295,8,905
171295,8,116
171445,5,156
171445,9,154
171445,9,524
171445,7,74
171445,9,105
171970,6,163
171970,9,47
171970,10,449
172061,8,769
172061,10,1033
172061,10,659
172061,9,430
172061,9,959
172061,9,542
172061,10,630
172119,7,193
172119,7,156
172119,7,195
172119,10,718
172203,10,167
172203,8,210
172203,10,218
172512,10,303
172512,10,207
172512,8,49
172742,9,27
172742,10,268
172742,7,1567
172742,8,241
172742,9,279
172760,7,663
172760,5,3
172760,9,1335
172760,8,1931
173291,4,1419
173291,10,210
173291,10,574
173291,10,5
173291,10,1720
173291,8,768
173415,9,716
173415,10,680
173415,8,119
173415,8,154
173415,10,69
173415,10,47
173415,5,1535
173415,9,287
173415,10,542
173415,10,219
173415,5,748
173415,8,225
173415,7,74
173679,8,709
173679,9,197
173679,8,7
173679,8,15
173679,8,708
173679,9,3
173679,8,69
173679,9,76
173679,10,186
173679,8,4
173679,8,958
173679,9,54
173860,7,27
173860,6,243
173860,8,124
173860,8,195
173860,7,16
174004,8,50
174004,9,7
174004,8,1339
174304,7,1765
174304,10,3
174304,7,61
174304,10,36
174304,7,205
174304,5,400
174304,5,362
174326,8,50
174326,10,27
174326,9,154
174326,5,170
174326,7,124
174596,4,2378
174596,8,1039
174596,8,83
174596,6,218
174848,9,2259
174848,6,957
174848,9,52
174914,10,3
174914,10,163
174914,9,208
175100,10,127
175100,10,271
175100,10,729
175100,8,1028
175254,8,28
175254,9,148
175254,7,841
176875,7,165
176875,8,6
176875,7,600
176887,6,14
176887,9,433
176887,7,52
177072,9,301
177072,8,268
177072,9,223
177072,8,1255
177072,7,188
177090,10,119
177090,10,301
177090,8,154
177090,8,704
177091,7,119
177091,2,789
177091,7,772
177233,4,710
177233,9,436
177233,7,123
177233,8,22
177284,10,1494
177284,10,1265
177284,10,349
177375,10,168
177375,9,1179
177375,9,73
177375,8,25
177375,10,925
177432,10,293
177432,9,1189
177432,8,788
177432,6,3
177432,10,148
177432,7,1873
177432,8,667
177432,4,2017
177432,8,240
177432,8,693
177432,8,575
177432,9,143
177432,7,800
177432,8,1195
177432,8,535
177432,8,536
177432,7,919
177458,7,1016
177458,9,1331
177458,8,1893
177458,5,49
177458,7,1274
177458,8,491
177458,4,2
177458,6,150
178199,10,1447
178199,10,172
178199,10,35
178199,7,900
178199,7,39
178199,9,279
178199,8,1172
178201,9,53
178201,5,86
178201,9,845
178201,7,52
178356,10,292
178356,8,668
178356,10,1389
178597,7,156
178597,6,308
178597,8,132
178667,6,288
178667,8,165
178667,7,243
178667,7,170
178667,6,608
178667,8,90
178667,5,48
178667,8,758
178797,8,761
178797,9,2034
178797,7,165
178797,8,270
178797,6,195
178797,9,847
178797,10,1150
178797,7,1356
179019,8,197
179019,8,1806
179019,10,148
179019,7,16
179118,9,116
179118,8,544
179118,10,524
179327,6,197
179327,10,154
179327,10,2039
179433,9,119
179433,9,301
179433,9,966
179532,4,952
179532,8,1037
179532,10,2041
179718,9,119
179718,9,627
179718,9,591
179718,9,240
179718,9,388
179718,8,239
179718,10,104
179718,10,1720
179730,10,288
179730,7,361
179730,4,676
179730,7,399
179733,10,1447
179733,9,1648
179733,10,1552
179733,10,436
179734,10,1447
179734,10,148
179734,5,209
179734,10,1399
179734,10,1552
179734,10,436
179791,9,197
179791,10,1012
179791,8,203
179826,8,112
179826,6,425
179826,7,1734
179826,8,319
179978,10,502
179978,10,209
179978,10,2044
180348,7,86
180348,6,703
180348,7,668
180378,8,959
180378,10,888
180378,4,1385
180651,8,716
180651,7,293
180651,7,37
180651,10,842
180651,7,153
180651,10,1945
180651,7,406
180651,6,163
180651,8,518
180651,8,647
180651,8,216
180651,10,1944
180651,6,1048
180651,9,437
181165,7,107
181165,6,195
181165,8,369
181176,10,330
181176,10,233
181176,10,47
181176,7,122
181176,9,209
181176,2,92
181176,4,438
181176,9,1743
181176,7,1493
181223,9,789
181223,9,102
181223,8,124
181687,6,82
181687,5,170
181687,9,374
181736,4,856
181736,8,381
181736,6,52
182085,9,216
182085,10,287
182085,10,542
182085,10,749
182086,10,1836
182086,10,1147
182086,10,460
182086,10,1700
182459,10,3
182459,10,28
182459,10,148
182459,8,314
182459,8,49
182459,10,240
182459,10,143
182838,10,28
182838,10,148
182838,8,571
182838,8,204
182838,8,1744
182847,10,209
182847,10,49
182847,7,1000
182969,10,133
182969,8,57
182969,10,17
182969,10,141
182993,8,504
182993,7,324
182993,10,614
182993,9,333
182993,10,16
183046,9,301
183046,3,441
183046,5,2
183187,10,128
183187,10,1200
183187,10,1326
183257,7,1295
183257,10,43
183257,7,1004
184299,8,127
184299,10,205
184299,9,240
184299,9,693
184299,8,388
184299,7,143
184299,8,5
184299,9,95
184299,9,2083
184299,8,954
184401,9,50
184401,7,475
184401,7,221
184401,8,73
184401,3,722
184401,10,881
184401,8,374
184424,9,35
184424,7,53
184424,8,170
184424,8,49
184424,6,349
184424,4,218
184465,7,385
184465,10,166
184465,10,54
184532,8,30
184532,10,240
184532,6,273
184532,7,693
184532,10,386
184532,10,586
184985,10,1994
184985,8,260
184985,10,1244
185634,8,441
185634,8,450
185634,9,914
186570,2,3
186570,1,320
186570,10,1051
186570,7,683
186899,6,16
186899,5,491
186899,5,492
187065,7,119
187065,6,301
187065,2,102
187065,4,49
187065,4,1271
187065,6,242
187065,6,2087
187145,7,891
187145,9,1125
187145,8,1157
187145,8,61
187145,8,53
187145,10,1859
187145,9,541
187145,8,291
187145,9,336
187145,8,1071
187145,7,375
187145,9,578
187145,9,106
187145,8,218
187256,9,154
187256,9,435
187256,10,143
187256,8,17
187410,6,1916
187410,7,53
187410,8,76
187410,10,1441
187410,4,334
187410,5,1852
187462,8,37
187462,9,208
187462,10,138
187517,8,1587
187517,7,102
187517,7,362
187624,8,789
187624,10,289
187624,10,94
187624,10,396
187762,10,240
187762,4,1396
187762,10,1271
187762,10,565
187762,5,5
187762,10,683
187863,8,243
187863,5,124
187863,9,143
188022,9,199
188022,9,476
188022,10,128
188022,9,862
188022,7,446
188022,8,468
188369,8,647
188369,10,433
188369,8,2108
188490,10,45
188490,9,255
188490,6,170
188490,9,373
188659,9,193
188659,8,243
188659,8,319
188659,8,374
189080,9,663
189080,4,3
189080,7,1187
189080,9,334
189080,6,2140
189334,10,172
189334,8,195
189334,10,893
189392,8,2142
189392,10,309
189392,10,47
189392,7,851
189392,9,1317
189392,7,17
189558,8,444
189558,8,271
189558,8,627
189558,8,496
189835,7,193
189835,5,415
189835,5,2009
189835,5,293
189835,9,356
189835,5,445
189835,5,148
189835,5,991
189835,5,44
189835,5,1884
189835,5,1878
189835,5,1885
189835,5,1682
189835,5,1883
189835,5,423
189835,8,6
189835,5,563
189835,5,1644
189835,5,36
189835,5,1784
189835,5,1783
189835,5,705
189835,5,370
189835,5,1229
189835,5,542
189835,5,609
189835,5,1669
189835,5,693
189835,5,575
189835,5,1396
189835,5,1887
189835,5,2008
189835,5,2010
189835,5,1675
189835,5,386
189835,8,289
189835,5,1882
189835,5,1881
189835,5,1880
189835,5,1876
189835,5,1886
189835,5,1877
189835,5,1556
189835,5,1673
189835,5,1879
189835,5,1889
189835,5,1891
189835,5,1903
189835,5,222
189973,5,39
189973,5,167
189973,8,676
189973,5,1700
189973,5,64
189973,7,74
189973,3,1241
190923,9,637
190923,6,148
190923,8,1018
190925,7,409
190925,8,15
190925,7,301
190925,8,170
190925,7,909
190925,9,593
190925,9,333
190925,8,87
190925,7,538
190925,9,254
192093,8,670
192093,9,102
192093,10,1196
192093,8,519
192093,8,188
192093,8,17
192176,8,99
192176,7,78
192176,7,184
192428,7,1039
192428,7,841
192428,9,544
193458,9,37
193458,8,122
193458,5,116
193458,8,5
193469,10,28
193469,10,148
193469,10,493
193499,3,311
193499,10,112
193499,8,301
193499,8,441
193499,5,268
193499,10,246
193499,4,6
193676,7,21
193676,10,209
193676,7,240
193676,10,143
193769,8,50
193769,8,243
193769,9,593
193898,9,627
193898,9,24
193898,9,0
193898,6,835
194600,4,389
194600,7,342
194600,7,165
194600,7,1263
194600,8,300
194600,6,555
194600,7,267
194600,8,17
194614,4,210
194614,6,1701
194614,7,1318
194614,7,1723
194676,5,1726
194676,6,822
194676,6,13
194676,6,292
194676,9,281
194676,5,880
194676,5,339
195386,7,475
195386,9,128
195386,8,724
195469,8,669
195469,8,16
195469,5,334
195904,9,1026
195904,6,1016
195904,6,39
195904,7,924
195904,9,1679
195904,9,218
195904,10,132
196052,7,1203
196052,5,269
196052,5,658
196052,8,485
196053,7,1735
196053,7,3
196053,7,5
196077,8,389
196077,9,172
196077,8,160
196077,10,301
196077,10,268
196077,9,154
196077,7,124
196077,8,496
196077,9,593
196148,10,141
196148,10,490
196148,10,489
196160,7,1057
196160,9,28
196160,10,29
196160,9,542
196160,10,239
196160,7,1071
196160,10,1643
196160,9,99
196160,8,1743
196160,8,421
196466,7,156
196466,8,415
196466,9,35
196466,8,167
196466,7,541
196738,8,376
196738,8,271
196738,10,162
196738,6,853
196775,8,47
196775,7,64
196775,9,105
197206,5,39
197206,8,170
197206,5,124
197206,7,263
197206,5,195
197364,10,789
197364,8,273
197364,8,176
197502,9,1099
197502,9,261
197502,8,818
197659,7,1604
197659,7,762
197659,8,789
197659,8,1651
197659,8,271
197659,8,24
197659,8,660
197659,10,693
197659,10,1326
197659,8,989
197659,9,76
197659,10,1481
197659,10,1270
197659,8,225
197659,10,125
197659,10,1539
197659,9,141
197659,9,1184
197659,9,490
197659,9,491
197659,9,492
197659,9,489
198046,7,82
198046,8,0
198046,7,225
198046,8,1388
198046,7,17
198213,8,102
198213,7,16
198213,10,54
198213,7,279
198216,8,764
198216,8,365
198216,8,364
198930,3,1057
198930,9,502
198930,8,1792
199041,10,288
199041,7,471
199041,8,822
199041,9,463
199178,7,153
199178,7,243
199178,8,433
199209,9,1794
199209,6,1088
199209,10,1071
199772,8,147
199772,7,546
199772,9,1490
199772,9,855
199772,7,775
199772,9,319
200009,5,1057
200009,8,315
200009,9,170
200009,8,574
200226,10,293
200226,8,119
200226,6,268
200226,8,3
200226,7,300
200226,7,871
200226,7,13
200643,6,1804
200643,10,334
200643,10,22
200876,8,434
200876,9,1807
200876,8,1806
200876,8,1808
201290,3,613
201290,4,7
201290,5,886
201290,8,259
201290,4,131
201290,5,1812
201290,5,1811
201290,6,1810
201290,9,628
201290,8,1265
201290,6,49
201290,9,42
201290,6,1813
201290,9,1478
201674,9,119
201674,9,301
201674,7,306
201674,6,1255
201674,7,1093
201677,5,172
201677,10,950
201677,9,1339
201677,8,1029
202212,10,1184
202212,10,490
202212,10,489
202277,9,35
202277,8,64
202277,6,52
202358,9,761
202358,8,335
202358,8,6
203017,8,197
203017,10,210
203017,8,821
203044,7,716
203044,6,156
203044,6,367
203044,7,1819
203044,8,514
203075,8,197
203075,10,209
203075,9,1489
203075,7,1625
203213,8,168
203213,7,154
203213,8,411
203240,5,7
203240,5,156
203240,8,109
203240,5,154
203240,8,39
203240,8,170
203240,8,47
203240,8,6
203240,8,36
203240,9,542
203240,6,86
203240,8,42
203240,7,339
203910,10,747
203910,10,1475
203910,10,614
203910,7,542
203910,10,386
204393,10,154
204393,10,16
204393,10,1493
204591,9,1155
204591,8,301
204591,5,326
204591,8,1734
204813,7,335
204813,10,112
204813,5,342
204864,9,50
204864,9,156
204864,10,1475
204864,8,1166
204864,10,112
204864,10,898
204864,10,3
204864,10,247
204864,10,1360
204864,10,47
204864,10,207
204864,7,496
204864,5,693
204864,10,326
204864,10,263
204864,9,379
204864,10,1816
204864,10,826
204864,8,970
204864,8,480
204864,10,1060
204864,8,1241
204864,10,412
204964,8,1786
204964,6,710
204964,8,574
205145,6,856
205145,8,50
205145,7,64
205285,6,261
205285,5,195
205285,7,802
205383,9,37
205383,7,518
205383,5,221
205383,10,843
205383,10,380
205473,8,1057
205473,9,1716
205473,10,301
205473,10,268
205473,3,1341
205473,10,1187
205735,10,1392
205735,8,16
205735,8,1834
205919,7,413
205919,3,341
205919,7,48
206074,10,1205
206074,7,314
206074,8,789
206074,10,1203
206219,7,1087
206219,9,1396
206219,9,2331
206219,10,958
206305,9,50
206305,5,102
206305,8,167
206305,9,116
206305,7,195
206305,9,374
206305,9,254
206305,9,52
206534,8,680
206534,7,406
206534,10,863
206534,6,1535
206534,7,219
206534,7,291
206534,10,225
206563,10,7
206563,10,165
206563,10,195
206563,10,802
206567,5,164
206567,5,574
206567,5,188
206691,10,12
206691,7,444
206691,5,271
206691,8,273
206691,5,143
206944,9,50
206944,4,7
206944,7,3
206944,7,346
206944,8,71
206944,8,267
206944,10,334
206944,7,436
206944,6,22
207259,8,405
207259,5,213
207259,8,199
207259,6,73
207259,8,835
207259,8,559
207259,8,223
207494,9,320
207494,5,211
207494,6,378
207494,10,1137
207494,9,463
207782,7,233
207782,8,314
207782,7,82
207782,6,401
207782,8,5
207782,9,1209
207825,9,344
207825,9,320
207825,7,0
208147,9,301
208147,8,268
208147,9,195
208406,10,1576
208406,9,614
208406,8,871
208406,9,1038
208406,7,92
208415,9,165
208415,7,923
208415,5,240
208671,7,168
208671,8,39
208671,9,593
208671,5,13
208829,7,53
208829,9,207
208829,7,557
209373,7,127
209373,7,271
209373,8,143
209516,8,716
209516,7,153
209516,7,39
209516,10,163
209516,8,6
209516,2,1898
209516,10,192
209516,10,208
209516,9,937
209516,10,54
209817,10,156
209817,7,606
209817,10,705
209875,8,1205
209875,6,888
209875,8,1028
209875,6,461
209875,7,95
209875,5,1137
209875,6,396
209974,8,193
209974,5,1018
209974,8,4
210168,9,547
210168,10,1900
210168,6,2158
210168,8,176
210315,8,27
210315,8,102
210315,8,195
210485,7,156
210485,10,35
210485,8,268
210485,8,314
210485,5,250
210485,8,612
210485,10,20
210485,7,1310
210485,7,5
210485,10,379
210485,6,1169
210485,9,254
210485,10,52
210587,6,892
210587,8,35
210587,8,82
210587,8,6
210587,5,22
210587,8,254
210587,9,52
210959,5,471
210959,7,952
210959,10,47
210959,8,453
210959,8,59
210959,8,618
210959,10,1995
211098,5,119
211098,5,301
211098,8,64
211098,7,17
211152,8,207
211152,8,583
211152,10,1073
211426,10,3
211426,9,857
211426,10,650
211426,10,209
211426,10,388
211426,10,334
211430,8,27
211430,7,1670
211430,9,17
211430,9,338
212797,10,239
212797,9,281
212797,8,143
212797,8,764
212849,8,789
212849,10,267
212849,9,48
212923,10,230
212923,10,6
212923,10,4
212923,8,254
212923,10,48
212965,5,1572
212965,5,265
212965,10,13
213126,8,228
213126,5,233
213126,6,82
213126,7,102
213126,7,557
213126,8,254
213316,7,2395
213316,9,155
213316,7,248
213760,8,143
213760,10,254
213760,10,1984
214272,7,384
214272,8,560
214272,8,2175
214786,10,290
214786,9,1218
214786,10,1360
214786,10,355
214786,6,862
214786,8,24
214786,7,446
214786,9,0
214786,7,1988
214786,8,88
214786,10,480
214786,10,971
215753,10,2177
215753,5,426
215753,8,17
215829,9,3
215829,7,553
215829,5,116
215988,10,62
215988,5,27
215988,5,557
215988,5,261
215988,5,235
215988,10,1260
215988,5,319
216386,9,168
216386,9,26
216386,8,1273
216386,8,334
216444,5,124
216444,6,509
216444,10,806
216444,10,2400
216557,9,300
216557,7,174
216557,10,173
216557,9,1221
216557,9,2108
216670,10,154
216670,8,0
216670,9,269
216683,8,308
216683,6,335
216683,8,170
216683,8,36
216683,9,0
216683,9,5
216683,7,1870
216683,8,151
216683,9,150
216829,10,1222
216829,9,119
216829,7,92
217106,6,1095
217106,9,1227
217106,8,2181
217106,6,2033
217121,9,82
217121,10,1078
217121,9,17
217318,5,162
217318,5,231
217318,5,724
217318,5,729
217318,5,241
217375,8,288
217375,5,106
217375,9,123
217375,4,17
217516,5,446
217516,8,0
217516,7,880
217740,4,7
217740,5,981
217740,6,508
217740,6,206
217740,4,289
217740,5,334
217811,10,1527
217811,10,759
217811,8,57
217811,8,374
217986,8,71
217986,8,291
217986,8,535
217986,8,536
217986,8,48
218068,4,163
218068,8,1489
218068,10,2108
218121,10,415
218121,8,107
218121,8,0
218121,10,542
218121,8,333
218411,10,163
218411,10,873
218411,10,2112
218552,5,606
218552,6,119
218552,3,49
218552,5,16
218568,10,1026
218568,8,165
218568,6,456
218568,9,54
218608,9,1196
218608,9,541
218608,10,700
218608,8,195
218608,8,267
218608,10,16
218608,8,350
218608,6,264
218640,7,367
218640,10,1644
218640,5,116
218640,9,242
219301,9,35
219301,7,170
219301,8,124
219321,8,607
219321,7,714
219321,5,12
219546,10,228
219546,8,14
219546,6,61
219683,4,197
219683,8,293
219683,1,3
219683,2,2124
219683,5,93
219683,6,30
219683,4,291
219683,10,273
219683,9,575
219683,9,336
219683,9,1736
219683,4,143
219683,2,5
219683,9,948
219683,9,580
219683,10,125
219683,9,95
220240,10,789
220240,10,221
220240,7,210
220586,8,27
220586,9,195
220586,7,437
220688,5,320
220688,10,207
220688,10,16
220688,10,818
220688,10,452
220688,9,2087
220688,10,2289
221040,10,709
221040,9,1157
221040,8,456
221040,9,83
221040,9,89
221040,9,480
221040,9,579
221445,7,16
221445,8,279
221445,9,52
221705,10,301
221705,2,789
221705,9,1333
221705,9,86
221732,8,290
221732,8,3
221732,6,16
221732,9,1743
221753,10,1786
221753,9,41
221753,9,152
221753,10,492
221948,10,892
221948,10,293
221948,10,349
221948,10,334
222204,10,471
222204,9,1893
222204,10,743
222296,6,39
222296,6,1490
222296,6,195
222296,8,1834
222296,9,512
222296,10,354
222296,8,80
222296,7,583
222296,8,105
222614,5,1829
222614,5,468
222614,9,1024
222788,8,395
222788,8,267
222788,8,334
223078,10,69
223078,9,843
223078,9,54
223154,6,193
223154,7,102
223154,4,124
223154,7,869
223154,6,792
223156,8,807
223156,7,157
223156,8,1050
223231,8,1239
223231,10,415
223231,10,746
223231,9,112
223231,9,35
223431,9,102
223431,2,111
223431,9,24
223438,8,111
223438,8,1
223438,8,807
223501,9,516
223501,6,1076
223501,8,373
223501,7,209
223501,10,374
223644,7,628
223644,6,1087
223644,7,273
223644,7,281
223644,9,2067
223872,9,85
223872,10,662
223872,10,783
224138,10,172
224138,9,168
224138,8,337
224138,9,278
224138,9,334
224138,10,105
224138,7,48
224349,8,21
224349,8,1166
224349,5,147
224349,8,294
224349,8,456
224349,8,122
224349,9,1819
224349,10,729
224349,8,52
224349,10,697
224430,7,156
224430,8,415
224430,7,346
224430,8,170
224430,7,102
224430,9,319
224646,9,300
224646,9,207
224646,7,221
224646,9,59
224646,5,486
224764,8,61
224764,5,835
224764,10,1038
224764,6,13
224764,8,225
224764,5,723
224764,10,1241
225087,10,1331
225087,10,210
225087,6,194
225087,10,49
225087,10,139
225087,10,1524
225087,10,281
225087,8,880
225087,10,104
225087,7,846
225199,8,1240
225199,10,2310
225199,8,1288
225199,10,2027
225199,10,1930
225199,10,12
225199,10,1196
225199,9,361
225199,8,633
225199,9,866
225199,7,281
225199,7,785
225199,8,783
225199,10,211
225199,10,2311
225199,3,378
225379,10,1992
225379,10,28
225379,10,148
225379,3,213
225595,10,1794
225595,10,789
225595,8,405
225595,6,86
225595,9,99
225595,10,520
225595,10,2299
225610,9,2027
225610,10,546
225610,9,61
225610,9,1605
225763,7,228
225763,8,119
225763,5,154
225763,5,1267
225763,5,1175
225763,8,319
225763,5,590
225763,5,54
225763,8,1168
225763,7,151
225886,9,781
225886,10,724
225886,8,508
225886,8,206
225886,8,899
225886,10,151
225886,10,150
225938,9,16
225938,8,578
225938,9,310
225986,8,1945
225986,9,1674
225986,9,237
226006,10,1155
226006,9,239
226006,9,87
226006,3,2324
226006,10,1665
226482,9,389
226482,9,208
226482,6,579
226713,8,205
226713,8,95
226713,7,1137
226965,10,2403
226965,10,1134
226965,10,1263
226965,10,2124
226965,10,320
226965,7,102
226965,10,650
226965,10,209
226965,7,210
226965,7,593
226965,8,202
226965,5,237
227025,6,27
227025,6,61
227025,5,170
227097,9,27
227097,8,154
227097,6,102
227097,3,379
227447,5,415
227447,5,288
227447,10,734
227520,7,119
227520,8,317
227520,8,12
227520,10,13
227705,8,154
227705,9,233
227705,9,207
227705,7,405
227705,7,880
228021,8,117
228021,8,197
228021,10,3
228021,8,736
228021,5,116
228021,8,289
228311,10,207
228311,3,195
228311,9,16
228311,5,618
228311,8,745
228311,8,17
228321,5,303
228321,5,710
228321,3,334
228351,7,7
228351,9,578
228351,2,334
228579,10,28
228579,10,148
228579,7,132
228764,3,49
228764,10,13
228764,8,702
229011,7,328
229011,7,288
229011,7,1003
229011,5,107
229011,7,0
229011,7,42
229011,8,104
229011,5,2115
229313,10,35
229313,6,1428
229313,10,102
229313,10,373
229313,7,30
229313,10,176
229502,9,364
229502,10,151
229502,9,533
229502,9,530
229551,3,260
229551,10,154
229551,7,555
229741,8,3
229741,7,1217
229741,7,53
229741,8,557
229741,7,209
229741,8,267
229741,7,452
230496,8,185
230496,9,314
230496,9,36
230522,8,243
230522,8,122
230522,9,650
230522,9,142
230522,9,469
230522,8,49
230522,10,796
230522,5,188
231210,8,45
231210,8,165
231210,8,1311
231210,10,321
231210,9,48
231237,7,50
231237,10,156
231237,10,47
231237,10,557
231237,9,231
231237,7,544
231237,10,16
231237,9,254
231237,9,52
231263,6,3
231263,10,76
231263,8,182
231354,9,330
231354,7,2179
231354,5,544
231354,10,334
231357,8,207
231357,9,742
231357,9,946
231393,8,1190
231393,10,166
231393,8,1931
231395,4,308
231395,10,35
231395,1,22
231993,8,112
231993,8,170
231993,5,1201
232131,7,716
232131,6,288
232131,6,268
232131,5,406
232131,8,107
232131,7,24
232131,9,209
232131,7,0
232131,8,835
232131,9,267
232131,9,319
232945,9,56
232945,9,827
232945,7,900
232945,9,127
232945,9,271
232945,9,213
232945,9,128
232945,9,0
232945,9,139
232945,8,241
232945,9,683
232959,8,133
232959,9,35
232959,9,524
232959,5,818
232964,8,112
232964,9,209
232964,8,1014
232964,6,5
232964,6,92
232990,5,124
232990,7,705
232990,7,17
233711,8,477
233711,7,154
233711,8,243
233711,10,83
233711,9,807
233711,7,16
233711,8,437
233911,10,499
233911,10,254
233911,8,52
233911,8,1408
234359,7,27
234359,7,557
234359,9,167
234359,4,218
234597,9,35
234597,8,1213
234597,10,491
234765,5,389
234765,6,217
234765,10,768
234828,7,65
234828,9,1099
234828,3,50
234828,10,290
234828,8,789
234828,8,33
234828,6,170
234828,8,224
234828,7,2146
234828,5,388
234828,10,1988
234828,9,289
234828,9,2418
234893,9,127
234893,7,271
234893,7,128
234954,10,258
234954,8,172
234954,8,877
234954,7,100
234954,9,1273
235105,10,1166
235105,10,47
235105,10,2198
235105,8,127
235105,8,444
235105,9,627
235105,8,213
235105,7,370
235105,9,614
235105,10,542
235105,8,263
235282,8,1173
235282,8,35
235282,7,230
235282,8,333
235282,8,903
235282,6,436
235282,7,123
235282,8,48
235935,9,680
235935,9,429
235935,9,428
235935,8,26
235935,10,73
235935,10,593
235935,9,279
235935,8,52
236017,8,197
236017,9,618
236017,8,1050
236058,9,154
236058,8,6
236058,9,826
236058,9,17
236058,7,1665
236058,9,48
236172,10,0
236172,8,326
236172,6,2215
236172,4,92
236283,10,314
236283,10,49
236283,8,2273
236283,10,797
236340,8,197
236340,7,2040
236340,7,155
236754,9,652
236754,10,618
236754,9,276
236754,9,1592
236757,7,856
236757,8,50
236757,3,102
236757,3,99
236757,7,1193
236757,9,123
237271,8,102
237271,7,216
237271,7,349
237433,9,50
237433,7,170
237433,6,145
237451,9,906
237451,8,2211
237451,9,1188
237534,9,3
237534,6,302
237534,10,618
237748,6,289
237748,5,334
237748,10,867
237990,8,167
237990,2,792
237990,9,18
237990,5,92
238613,8,1307
238613,9,319
238613,9,364
238613,8,530
238864,10,47
238864,6,506
238864,9,208
238864,6,97
238889,10,315
238889,10,377
238889,8,1207
238889,10,1198
238889,10,518
238889,10,861
238889,9,535
238889,9,536
239423,9,967
239423,9,209
239423,9,399
239584,9,2421
239584,8,61
239584,10,309
239584,8,449
239584,8,1221
239594,8,50
239594,8,7
239594,8,1925
239594,8,601
239594,10,153
239594,8,163
239594,8,9
239594,9,207
239594,9,1177
239594,9,1176
239594,9,116
239594,9,289
239594,9,80
239594,8,2002
239594,9,433
239801,8,714
239801,10,69
239801,9,54
240035,5,275
240035,5,909
240035,5,240
240035,5,5
240035,5,321
240035,5,524
240144,10,112
240144,8,147
240144,7,255
240144,9,280
240225,9,2266
240225,10,304
240225,10,319
240225,4,946
240225,8,178
240370,8,935
240370,9,478
240370,6,771
240370,10,17
240401,5,1526
240401,5,912
240401,5,1400
240401,10,103
240401,5,2227
240401,5,48
240567,8,1978
240567,2,197
240567,8,193
240567,8,293
240567,8,27
240567,8,268
240567,10,14
240567,9,3
240567,5,1362
240567,7,355
240567,5,0
240567,8,195
240567,7,16
240567,5,334
240567,9,514
240567,8,899
240568,5,170
240568,6,167
240568,7,223
240568,10,384
240568,5,903
240643,8,193
240643,8,15
240643,3,258
240643,8,3
240643,10,106
240643,8,48
240700,9,746
240700,7,830
240700,6,553
240700,9,36
240700,8,209
240700,7,542
240700,9,5
241042,8,482
241042,7,301
241042,8,1363
241204,7,716
241204,9,62
241204,8,208
241405,6,601
241405,10,1180
241405,9,806
241666,7,627
241666,8,0
241666,8,1242
241666,7,321
241980,10,119
241980,10,301
241980,9,441
241980,10,268
241980,10,47
241980,10,111
241980,9,0
241980,9,287
241980,10,273
241980,10,375
241980,9,99
241980,9,1
241980,10,386
241980,10,800
242083,7,147
242083,9,9
242083,10,47
242083,8,388
242083,10,239
242083,10,578
242083,8,618
242083,7,334
242083,9,966
242083,7,176
242106,10,617
242106,10,727
242106,10,233
242299,6,300
242299,8,47
242299,3,618
242299,5,2
242409,10,2263
242409,2,37
242409,5,470
242409,6,1475
242409,5,1375
242409,5,1645
242409,10,289
242409,10,2002
242639,8,29
242639,8,1326
242639,8,252
242646,6,58
242646,6,401
242646,6,139
242763,6,112
242763,9,441
242763,8,1177
242763,10,1176
242763,7,52
243058,7,69
243058,10,498
243058,10,768
243065,10,207
243065,8,195
243065,10,1252
243294,10,117
243294,10,148
243294,4,104
243294,6,90
243328,9,716
243328,8,14
243328,10,216
243328,9,2187
243328,9,178
243360,6,45
243360,5,610
243360,8,185
243360,7,618
243720,7,317
243720,10,621
243720,5,801
243720,8,13
243785,10,37
243785,8,1903
243785,10,222
243879,10,7
243879,10,625
243879,8,260
243879,9,35
243879,8,1267
243929,7,193
243929,7,7
243929,8,2241
243929,6,14
243929,7,1133
243929,7,6
243930,8,243
243930,9,0
243930,9,618
244070,10,83
244070,6,285
244070,5,2190
244171,10,172
244171,9,260
244171,10,207
244171,8,1073
244189,8,127
244189,8,64
244189,7,2145
244277,6,1151
244277,7,267
244277,8,48
244286,6,625
244286,8,588
244286,7,3
244286,8,480
244286,5,1073
244359,9,7
244359,7,3
244359,6,82
244359,7,116
244420,5,102
244420,8,1029
244420,10,17
244452,10,141
244452,10,1184
244452,10,489
244627,10,0
244627,5,139
244627,10,1669
244742,9,554
244742,8,143
244742,8,845
245295,7,197
245295,7,515
245295,10,3
245295,8,59
245295,9,16
245295,6,618
245295,9,80
245295,2,341
245295,5,585
245328,8,153
245328,10,106
245328,10,1383
245410,10,1394
245410,7,119
245410,8,301
245410,8,268
245410,9,43
245410,8,122
245410,8,1310
245410,9,202
245410,5,764
245410,7,364
245650,7,301
245650,8,24
245650,8,841
246311,9,147
246311,9,71
246311,8,449
246311,9,267
246311,10,560
246311,10,218
246311,7,176
246328,5,348
246328,8,61
246328,9,449
246507,7,147
246507,8,557
246507,6,713
246507,7,436
246759,6,197
246759,5,289
246759,8,578
246776,8,1856
246776,9,6
246776,8,1049
247240,3,50
247240,3,300
247240,2,243
247240,5,195
247240,8,16
247240,1,22
247447,9,119
247447,9,301
247447,9,268
247447,8,1147
247447,8,909
247447,9,86
247447,7,13
247447,9,636
247855,10,27
247855,9,3
247855,8,593
248003,9,1888
248003,6,163
248003,6,309
248221,9,163
248221,9,118
248221,8,264
248221,10,52
248464,3,210
248464,6,291
248464,6,5
248477,6,34
248477,9,3
248477,6,553
248477,9,209
248477,9,176
248718,9,1541
248718,9,2160
248718,9,185
248718,10,549
248718,10,1178
248718,10,207
248718,9,127
248718,8,271
248718,7,128
248718,8,858
248718,5,1777
248718,9,1297
248718,6,1027
248718,8,2161
248718,10,1868
248718,9,2159
248718,9,1469
248850,8,667
248850,9,575
248850,8,581
249111,8,401
249111,8,92
249111,8,1388
249111,9,467
249746,7,73
249746,7,583
249746,9,2
249862,10,28
249862,10,93
249862,10,2269
249894,8,165
249894,9,1979
249894,8,47
249894,7,1152
249894,8,267
249894,9,1774
249894,7,63
249894,8,818
249894,7,489
249894,8,369
249894,7,1266
249953,10,1547
249953,10,1069
249953,9,866
249953,10,2091
249953,10,806
249953,9,1336
250300,6,328
250300,3,1360
250300,6,49
250300,7,192
250709,5,56
250709,5,827
250709,5,271
250709,5,327
250709,5,862
250962,9,259
250962,10,233
250962,8,346
250962,9,207
250962,9,605
250962,9,1816
251164,6,856
251164,8,3
251164,8,6
251164,8,218
251394,6,101
251394,8,53
251394,10,742
251394,7,17
251613,8,1526
251613,5,49
251613,8,334
251843,8,39
251843,10,1037
251843,10,821
251843,10,17
251843,10,218
251844,7,117
251844,6,856
251844,10,1704
251844,10,6
251844,7,593
251844,6,724
251844,10,319
251844,6,1318
251844,10,138
252222,9,1464
252222,8,1692
252222,9,1309
252222,7,1669
252222,9,1257
252418,7,296
252418,10,76
252418,7,1315
252695,8,346
252695,9,1418
252695,8,13
252695,7,90
252695,9,1185
252820,8,41
252820,9,210
252820,8,92
252820,8,64
252827,10,389
252827,10,192
252827,10,52
252865,9,1487
252865,7,111
252865,9,616
252953,10,2291
252953,8,1208
252953,9,747
253626,9,118
253626,9,309
253626,10,6
253626,9,132
253626,10,414
253771,10,342
253771,10,254
253771,10,52
253871,10,361
253871,7,291
253871,10,574
253871,10,807
253871,5,400
253871,8,16
254201,8,233
254201,5,213
254201,9,399
254206,10,471
254206,9,127
254206,9,213
254206,10,93
254206,10,888
254206,8,960
254206,10,388
254206,10,280
254206,10,457
254206,10,5
254206,10,1774
254299,6,288
254299,7,39
254299,7,195
254465,10,1057
254465,10,1173
254465,10,268
254465,10,361
254465,10,593
254465,9,569
254822,6,1358
254822,8,1240
254822,8,392
254822,9,172
254822,7,601
254822,8,131
254822,9,580
254822,9,578
254899,7,471
254899,3,1952
254899,6,199
254899,6,327
254899,7,862
254899,8,888
254899,10,672
254899,9,480
254899,10,52
255078,8,1222
255078,8,1980
255078,9,3
255078,7,1530
255078,5,1385
255078,8,2197
255489,8,626
255489,8,24
255489,5,966
256603,5,193
256603,7,6
256603,4,583
256843,8,288
256843,10,301
256843,10,268
256843,8,243
256843,9,216
256844,6,39
256844,5,24
256844,7,99
257024,8,233
257024,10,111
257024,10,195
257024,8,143
257028,8,117
257028,9,298
257028,5,49
257028,1,745
257028,3,437
257198,7,1320
257198,6,531
257198,8,529
257204,8,1057
257204,10,33
257204,10,667
257204,8,1210
257204,10,1310
257204,9,1307
257204,8,2223
257204,9,1320
257204,8,1185
257204,10,540
257204,10,95
257204,9,94
257204,10,421
257204,10,685
257204,10,364
257204,10,765
257204,10,1168
257204,10,151
257204,10,126
257204,10,533
257204,10,150
257204,10,531
257204,9,422
257204,9,1209
257204,9,530
257204,9,529
257204,10,532
257714,4,315
257714,8,1108
257714,8,1531
258011,10,163
258011,8,1513
258011,10,80
258152,5,1433
258152,8,425
258152,9,478
258152,8,1824
258152,7,93
258152,10,76
258152,10,1027
258152,8,457
258152,5,998
258152,9,63
258152,5,674
258185,7,504
258185,6,441
258185,9,306
258185,9,627
258185,9,24
258185,7,1147
258185,8,13
258185,7,2061
258185,9,448
258185,8,339
258482,8,2320
258482,7,21
258482,8,11
258482,6,39
258482,6,367
258482,6,124
258482,8,57
258482,8,54
258534,9,119
258534,10,301
258534,10,268
258534,8,24
258534,8,0
258534,7,496
258534,10,693
258534,9,326
258534,9,241
258534,9,5
258534,10,289
258534,7,17
258534,7,1050
258884,5,0
258884,5,866
258884,8,400
258938,7,617
258938,8,70
258938,8,170
258938,8,17
259006,8,50
259006,6,49
259006,8,435
259622,7,228
259622,8,611
259622,10,31
259626,7,926
259626,9,112
259626,7,170
259626,7,1018
259626,9,379
259629,8,32
259629,7,909
259629,8,689
259901,10,148
259901,9,789
259901,9,93
259901,7,30
259901,10,240
259901,9,273
259901,8,693
259901,10,239
259901,10,1442
259901,7,386
259901,6,800
259901,10,1035
259930,8,156
259930,10,724
259930,10,42
260183,7,479
260183,10,210
260183,9,618
260183,8,176
260316,8,327
260316,7,99
260316,8,5
260388,10,1026
260388,10,288
260388,10,116
260388,10,138
260840,9,1554
260840,5,103
260840,6,92
260840,10,1555
260897,7,288
260897,10,1435
260897,6,154
260897,5,39
260897,9,69
260897,8,319
260897,8,17
261603,8,1310
261603,10,508
261603,10,1031
261603,10,206
261603,10,95
261603,10,1137
261603,10,396
261829,5,288
261829,7,792
261829,8,593
261829,5,86
261829,7,281
261829,8,99
261829,1,618
261829,7,57
261829,8,421
262634,9,800
262634,8,365
262634,10,1411
262902,6,727
262902,6,437
262902,8,48
262998,8,372
262998,8,1288
262998,8,1415
262998,8,1416
262998,7,1414
263163,7,7
263163,7,288
263163,9,542
263163,9,851
263163,9,64
263321,10,1421
263321,10,1422
263321,7,485
263321,6,25
263321,10,75
263325,8,170
263325,7,124
263325,7,167
263344,6,389
263344,9,82
263344,10,47
263877,8,243
263877,9,39
263877,6,544
263877,6,375
263877,8,485
263877,9,16
263877,9,1193
264031,8,324
264031,9,27
264031,9,243
264031,7,789
264031,9,317
264031,8,6
264031,9,195
264031,8,969
264031,7,524
264082,6,27
264082,5,476
264082,7,570
264152,10,163
264152,6,63
264152,10,697
264284,6,716
264284,3,7
264284,7,267
264311,7,892
264311,9,112
264311,4,339
264317,3,27
264317,7,6
264317,7,266
264317,8,192
264317,9,208
264317,7,578
264321,5,137
264321,5,219
264321,7,678
264321,4,49
264321,5,676
264321,5,1023
264321,5,87
264321,8,848
264321,7,1242
264321,4,1276
264657,7,770
264657,5,611
264657,4,999
264657,8,84
264657,9,1289
264657,10,1290
265115,7,1447
265115,10,147
265115,10,301
265115,6,626
265115,8,243
265115,7,556
265115,10,494
265115,10,52
265313,9,290
265313,9,147
265313,8,127
265313,8,444
265313,7,1303
265553,6,1452
265553,8,215
265553,6,17
265889,6,504
265889,5,119
265889,9,234
265889,10,52
265889,7,339
265889,8,630
265918,6,314
265918,10,528
265918,10,184
266056,8,306
266056,8,124
266056,5,20
266056,8,542
266056,8,1333
266056,5,145
266268,10,0
266268,7,593
266268,9,326
266283,10,617
266283,9,154
266283,10,122
266283,9,279
266283,8,188
266355,8,109
266355,1,1071
266355,7,166
266355,3,1465
266410,3,288
266410,8,71
266410,5,57
266466,6,337
266466,8,128
266466,9,1235
266678,6,393
266678,6,332
266678,7,792
266840,9,324
266840,8,905
266840,7,151
266840,5,150
266865,6,716
266865,10,197
266865,5,156
266865,5,27
266865,5,168
266865,9,154
266865,8,243
266865,10,1473
266865,9,1470
266865,5,737
266865,9,210
266865,6,593
266865,7,618
266865,8,190
267635,9,406
267635,8,24
267635,8,318
267635,7,1315
268030,7,1349
268030,8,112
268030,9,1347
268110,9,193
268110,8,625
268110,8,610
268110,6,170
268110,7,36
268110,8,88
268110,5,184
268110,5,48
268300,9,3
268300,10,1491
268300,10,541
268300,6,291
268300,7,99
268300,10,768
268833,5,1375
268833,7,1377
268833,8,267
268833,7,1019
268833,7,1378
270069,6,1317
270069,6,143
270069,8,5
270069,3,802
270352,5,216
270352,7,696
270352,4,362
270554,8,243
270554,9,557
270554,7,195
270605,10,407
270605,7,3
270605,10,167
270605,10,202
270605,6,334
270605,6,579
270605,5,319
270713,8,719
270713,6,191
270713,9,546
270713,4,43
270713,8,1525
270713,7,39
270713,10,549
270713,10,1178
270713,10,170
270713,9,31
270713,8,116
270713,9,186
270713,7,1024
270713,8,92
270713,8,319
270713,9,25
270713,9,264
270713,8,17
270713,10,63
270713,5,176
270737,7,35
270737,9,564
270737,9,426
270801,7,416
270801,7,112
270801,9,154
270801,8,1527
270801,8,221
270801,9,6
270801,9,545
270801,9,464
270801,10,54
270820,7,65
270820,9,273
270820,5,889
270820,10,485
270820,8,787
270820,10,379
270820,8,1390
271156,8,279
271156,10,374
271156,8,52
271176,10,906
271176,10,3
271176,10,148
271176,10,209
271176,6,93
271176,9,1529
271195,5,50
271195,5,156
271195,10,293
271195,10,617
271195,7,551
271195,10,278
271448,10,769
271448,7,625
271448,10,228
271448,7,3
271448,9,39
271448,8,346
271448,9,53
271448,7,170
271448,7,542
271448,10,435
271448,10,195
271448,8,1269
271448,10,132
271448,9,1050
271460,10,128
271460,9,24
271460,5,773
271460,5,78
271538,6,156
271538,8,147
271538,5,168
271538,8,39
271558,6,127
271558,8,128
271558,8,195
271558,9,143
271622,9,7
271622,9,147
271622,9,6
271622,8,1535
271622,8,1534
271622,7,1537
271622,9,1533
271622,9,1232
271705,10,1370
271705,10,258
271705,8,61
271705,8,192
271705,9,208
272225,5,314
272225,9,30
272225,8,326
272225,8,143
272225,7,241
272225,10,800
272225,6,524
273190,10,632
273190,10,0
273190,10,210
273190,10,384
273190,9,88
273190,5,115
273344,7,456
273344,10,207
273344,8,597
273344,10,650
273440,10,288
273440,10,102
273440,10,176
273718,9,392
273718,9,131
273718,5,28
273718,9,208
273718,8,282
273976,4,197
273976,6,3
273976,3,334
273979,7,35
273979,9,0
273979,6,496
273979,9,800
274004,8,348
274004,7,131
274004,8,35
274004,9,61
274004,8,83
274004,6,192
274004,8,208
274004,7,1043
274004,8,52
274005,8,1045
274005,7,1044
274005,7,74
274061,10,215
274061,10,274
274061,10,789
274061,10,33
274061,8,667
274061,10,93
274061,10,693
274061,10,388
274061,10,143
274061,10,5
274061,10,683
274061,10,1195
274061,10,765
274393,10,50
274393,10,36
274393,8,319
274393,10,534
274634,7,47
274634,5,705
274634,5,370
274808,9,649
274808,8,61
274808,8,869
274808,8,542
274808,8,399
275154,8,346
275154,10,947
275154,9,167
275154,10,216
275154,8,285
275154,10,802
275306,10,334
275306,10,1050
275306,10,176
275383,7,406
275383,10,989
275383,9,524
275970,8,177
275970,8,228
275970,10,561
275970,10,294
275970,10,647
275970,9,6
275970,10,369
276050,8,300
276050,10,28
276050,10,148
276050,7,496
276050,8,556
276050,9,16
276050,8,143
276165,9,504
276165,8,34
276165,10,3
276165,10,1217
276165,10,789
276165,10,209
276165,10,227
276165,10,662
276307,9,165
276307,8,714
276307,4,618
276307,8,175
276463,9,1220
276463,10,28
276463,8,254
276680,10,35
276680,8,61
276680,8,82
276680,6,307
